Country,Year,Party_Acronym,Party_exact,Party,Candidate,Candidate_exact,Votes,Votes_perc,GEO_code,Date_election,Indicador,Indicador_ponderado
ARGENTINA,2019,FdT,Todos,Frente de Todos,Alberto Fernández,Fernández,12670378,0.471587022386763,AR,2019-10-27T00:00:00Z,0.740598916778559,0.349256837946463
ARGENTINA,2019,,Juntos,Juntos por el Cambio,Mauricio Macri,Macri,11116438,0.41374992095477,AR,2019-10-27T00:00:00Z,0.896860000700239,0.371075754397219
ARGENTINA,2019,,Consenso Federal,Consenso Federal,Roberto Lavagna,Lavagna,1649322,0.0613871859968961,AR,2019-10-27T00:00:00Z,0.816671210229227,0.0501331474806518
ARGENTINA,2019,,Frente de Izquierda,Frente de Izquierda,Nicolás del Caño,Del Caño,579228,0.0215586628751755,AR,2019-10-27T00:00:00Z,0.395385458780452,0.00852398181159435
ARGENTINA,2019,NOS,NOS,Frente NOS,Juan José Gómez Centurión,Gómez Centurión,457956,0.01704496159658,AR,2019-10-27T00:00:00Z,0.364121967190084,0.00620644494722615
ARGENTINA,2019,UNITE,UNITE,Unite por la Libertad y la Dignidad,José Luis Espert,Espert,394207,0.0146722461898152,AR,2019-10-27T00:00:00Z,0.535524098037487,0.00785734140698475
ARGENTINA,2015,,Cambiemos,Cambiemos,Mauricio Macri,Macri,8601131,0.341528,AR,2015-10-25T00:00:00Z,0.731888941980079,0.249960566576573
ARGENTINA,2015,FpV,FpV,Frente para la Victoria,Daniel Scioli,Scioli,9338490,0.370807,AR,2015-10-25T00:00:00Z,0.721964064917781,0.267709329019968
ARGENTINA,2015,,Unidos,Unidos por una Nueva Alternativa,Sergio Massa,Massa,5386977,0.213903,AR,2015-10-25T00:00:00Z,0.899732081255587,0.192455391376814
ARGENTINA,2015,FIT,Frente de Izquierda,Frente de Izquierda y de los Trabajadores,Nicolás del Caño,Del Caño,812530,0.032263,AR,2015-10-25T00:00:00Z,0.47139335752957,0.0152085638939765
ARGENTINA,2015,,Progresistas,Progresistas,Margarita Stolbizer,Stolbizer,632551,0.025117,AR,2015-10-25T00:00:00Z,0.81340303911197,0.0204302441333753
ARGENTINA,2015,CC,Compromiso Federal,Compromiso Federal,Alberto Rodriguez Saa,Rodriguez Saa,412578,0.016382,AR,2015-10-25T00:00:00Z,0.51120439501579,0.00837455039914867
ARGENTINA,2011,FpV,Frente para la Victoria,Frente para la Victoria,Cristina Fernández,Fernández,11865055,0.541109,AR,2011-10-23T00:00:00Z,0.254047701648916,0.137467497791543
ARGENTINA,2011,FAP,FAP,Frente Amplio Progresista,Hermes Binner,Binner,3684970,0.168054,AR,2011-10-23T00:00:00Z,0.595032463888809,0.0999975856863698
ARGENTINA,2011,UDS,Alianza,Alianza Union para el Dessarrollo Social,Ricardo Alfonsin,Alfonsín,2443016,0.111414,AR,2011-10-23T00:00:00Z,1,0.111414
ARGENTINA,2011,CF,Compromiso Federal,Compromiso Federal,Alberto Rodriguez Saa,Rodriguez Saa,1745354,0.079597,AR,2011-10-23T00:00:00Z,0.621555209297081,0.0494739299944198
ARGENTINA,2011,FP,Frente Popular,Frente Popular,Eduardo Duhalde,Duhalde,1285830,0.058641,AR,2011-10-23T00:00:00Z,0.520270794973961,0.0305091996880681
ARGENTINA,2011,FIT,Frente de Izquierda,Frente de Izquierda y de los Trabajadores,Jorge Altamira,Altamira,503372,0.022956,AR,2011-10-23T00:00:00Z,0.691853001618136,0.0158821775051459
ARGENTINA,2011,CC,Coalición Cívica,Coalicion Civica,Elis Carrio,Carrió,399685,0.018228,AR,2011-10-23T00:00:00Z,0,0
ARGENTINA,2007,FpV,FpV,Frente para la Victoria,Cristina Fernández,Fernández,8652293,0.45283,AR,2007-10-28T00:00:00Z,0.314560208678085,0.142442299295697
ARGENTINA,2007,CCC,Coalición Cívica,Confederación Coalicion Civica,Elisa Carrió,Carrió,4403642,0.230471,AR,2007-10-28T00:00:00Z,1,0.230471
ARGENTINA,2007,UNA,UNA,Una Nacion Avanzada,Roberto Lavagna,Lavagna,3230236,0.169059,AR,2007-10-28T00:00:00Z,0.592556573912552,0.100177021829082
ARGENTINA,2007,FREJULI,FREJULI,"Frente Justicia, Union y Libertad",Alberto Rodríguez Saá,Rodriguez Saa,1459174,0.076368,AR,2007-10-28T00:00:00Z,1,0.076368
ARGENTINA,2007,PSA,PSA,Partido Socialista Autentico,Fernando Solanas,Solanas,301543,0.015782,AR,2007-10-28T00:00:00Z,0.442236989833454,0.00697938417355157
ARGENTINA,2007,MPU,MPU,Movimiento Provincias Unidas,Jorge Omar Sobisch,Sobisch,268392,0.014047,AR,2007-10-28T00:00:00Z,1,0.014047
ARGENTINA,2007,RPC,Recrear,Recrear para el Crecimiento,Ricardo López Murphy,López Murphy,273406,0.014309,AR,2007-10-28T00:00:00Z,1,0.014309
ARGENTINA,2007,,Movimiento Socialista,Movimiento Socialista de los Trabajadores,Vilma Ripoll,Ripoll,142528,0.007459,AR,2007-10-28T00:00:00Z,0.560329393336902,0.00417949694489995
ARGENTINA,2007,,Partido Obrero,Partido Obrero,Néstor Pitrola,Pitrola,116688,0.006107,AR,2007-10-28T00:00:00Z,0.500302928430582,0.00305534998392557
ARGENTINA,2007,,Frente de Izquierda,Alianza Frente Izquierda Socialista,José Alberto Montes,Montes,84694,0.004433,AR,2007-10-28T00:00:00Z,,
ARGENTINA,2007,,Frente Amplio,Alianza Frente Amplio Hacia la Unidad,Luis Alberto Ammann,Ammann,69787,0.003652,AR,2007-10-28T00:00:00Z,1,0.003652
ARGENTINA,2007,,Movimiento de Jubilados,Movimiento Independiente de Jubilados y Desocupados,Raúl Castells,Castells,48881,0.002558,AR,2007-10-28T00:00:00Z,0.446266674578388,0.00114155015357152
ARGENTINA,2007,PPR,PPR,Partido Popular de la Reconstrucción,Gustavo Breide Obeid,Breide,45318,0.002372,AR,2007-10-28T00:00:00Z,0.556292633899429,0.00131952612760945
ARGENTINA,2007,,Lealtad Popular,Confederación Lealtad Popular,Juan Ricardo Mussa,Mussa,10558,0.000553,AR,2007-10-28T00:00:00Z,1,0.000553
BOLIVIA,2020,MAS,MAS,Movimiento al Socialismo,Luis Arce Catacora,Arce,3394052,0.551053048840184,BO,2020-10-18T00:00:00Z,0.594721901127999,0.327723316828615
BOLIVIA,2020,FRI,FRI,Frente Revolucionario de Izquierda,Carlos Mesa Gisbert,Mesa,1775953,0.288340990428807,BO,2020-10-18T00:00:00Z,0.488209090650938,0.140770692734638
BOLIVIA,2020,,Creemos,Creemos,Luis Fernando Camacho,Camacho,862186,0.139983189405266,BO,2020-10-18T00:00:00Z,0.403628647971501,0.0565012254783863
BOLIVIA,2020,FPV,FpV,Frente para la Victoria,Chi Hyun Chung,Chung,95255,0.0154654549097279,BO,2020-10-18T00:00:00Z,0.501306766410869,0.00775293719186878
BOLIVIA,2020,PAN,PAN,Partido de Acción Nacional,Feliciano Mamani,Mamani,31765,0.00515731641601497,BO,2020-10-18T00:00:00Z,1,0.00515731641601497
BOLIVIA,2019,MAS,MAS,Movimiento al Socialismo,Evo Morales,Morales,2889359,0.470758207795758,BO,2019-10-20T00:00:00Z,0.532092190788532,0.250486766117728
BOLIVIA,2019,,FRI,Comunidad Ciudadana,Carlos Mesa Gisbert,Mesa,2240920,0.365109175776936,BO,2019-10-20T00:00:00Z,0.515299462336489,0.188140561971974
BOLIVIA,2019,,PDC,Partido Demócrata Cristiano,Chi Hyun Chung,Chung,539081,0.0878315243681194,BO,2019-10-20T00:00:00Z,0.505982798837945,0.0444412405259842
BOLIVIA,2019,,MDS,Bolivia Dice No,Oscar Ortiz Antelo,Ortiz,260316,0.042412830534579,BO,2019-10-21T00:00:00Z,0.449385700346735,0.0190597195534692
BOLIVIA,2019,,Tercer sistema,Movimiento Tercer Sistema,Félix Patzi,Patzi,76827,0.0125172887240127,BO,2019-10-22T00:00:00Z,0.514823031638082,0.00644418852878542
BOLIVIA,2019,,MNR,Movimiento Nacionalista Revolucionario,Virginio Lema,Lema,42334,0.00689740456925762,BO,2019-10-23T00:00:00Z,0.496473443956703,0.00342437820086203
BOLIVIA,2019,,Acción Nacional,Partido de Acción Nacional Boliviano,Ruth Nina,Nina,39826,0.00648878051625771,BO,2019-10-24T00:00:00Z,1,0.00648878051625771
BOLIVIA,2019,,UCS,Unidad Cívica Solidaridad,Victor Hugo Cárdenas,Cárdenas,25283,0.00411931496491096,BO,2019-10-25T00:00:00Z,1,0.00411931496491096
BOLIVIA,2019,,FPV,Frente para la Victoria,Israel Franklin Rodríguez,Rodriguez,23725,0.00386547275016859,BO,2019-10-20T00:00:00Z,0,0
BOLIVIA,2014,MAS,MAS,Movimiento al Socialismo,Evo Morales,Morales,3173304,0.613622,BO,2014-10-12T00:00:00Z,0.494682515547747,0.303548074555439
BOLIVIA,2014,UN,UN,Frente de Unidad Nacional,Samuel Doria Medina,Doria,1253288,0.242349,BO,2014-10-12T00:00:00Z,0.482288204939215,0.116882064178814
BOLIVIA,2014,PDC,PDC,Partido Democrata Cristiano,Jorge Quiroga,Quiroga,467311,0.090364,BO,2014-10-12T00:00:00Z,0.555826757824885,0.0502267291440879
BOLIVIA,2014,MSM,MSM,Movimiento Sin Miedo,Juan del Granado,Granado,140285,0.027127,BO,2014-10-12T00:00:00Z,0.48676891447087,0.0132045803428513
BOLIVIA,2014,PVB,PVB,Partido Verde de Bolivia,Fernando Vargas,Vargas,137240,0.026538,BO,2014-10-12T00:00:00Z,0.477288093931117,0.012666271436744
BOLIVIA,2009,MAS,MAS,Movimiento al Socialismo,Evo Morales,morales,2943209,0.642231,BO,2009-12-06T00:00:00Z,0.487061731515676,0.312806142893044
BOLIVIA,2009,PPB,NFR,Plan Progreso para Bolivia,Manfred Reyes Villa,Reyes,1212795,0.264641,BO,2009-12-06T00:00:00Z,1,0.264641
BOLIVIA,2009,UN,UN,Frente de Unidad Nacional,Samuel Doria Medina,Doria,258971,0.05651,BO,2009-12-06T00:00:00Z,0.521183367548591,0.0294520721001709
BOLIVIA,2009,AS,AS,Alianza Social,Rene Joaquino,Joaquino,106027,0.023136,BO,2009-12-06T00:00:00Z,1,0.023136
BOLIVIA,2009,MUSPA,MUSPA,Movimiento de Unidad Social Patriotica,Ana Maria Flores,Flores,23257,0.005075,BO,2009-12-06T00:00:00Z,1,0.005075
BOLIVIA,2009,,GENTE,GENTE,Roman Loayza,Loayza,15627,0.00341,BO,2009-12-06T00:00:00Z,0.501870695461233,0.00171137907152281
BOLIVIA,2009,PULSO,PULSO,Pueblos por la Libertad y Soberania,Alejo Veliz,Veliz,12995,0.002836,BO,2009-12-06T00:00:00Z,,
BOLIVIA,2009,,BSD,Bolivia Social Democrata,Rime Choquehuanca,Choquehuanca,9905,0.002161,BO,2009-12-06T00:00:00Z,,
BOLIVIA,2005,MAS,MAS,Movimiento al Socialismo,Evo Morales,Morales,1544374,0.537398,BO,2005-10-18T00:00:00Z,0.458746160471922,0.24652926914529
BOLIVIA,2005,PODEMOS,Podemos,Poder Democrático y Social,Jorge Quiroga,Quiroga,821745,0.285944,BO,2005-10-18T00:00:00Z,1,0.285944
BOLIVIA,2005,FUN,UN,Frente de Unidad Nacional,Samuel Doria Medina,Doria,224090,0.077977,BO,2005-10-18T00:00:00Z,0.488114677606635,0.0380617182157326
BOLIVIA,2005,MNR,MNR,Movimiento Nacionalista Revolucionario,Michiaki Nagatani Morishita,Nagatani,185859,0.064674,BO,2005-10-18T00:00:00Z,0,0
BOLIVIA,2005,MIP,MIP,Movimiento Indígena Pachakuti,Felipe Quispe Huanca,Quispe,61948,0.021556,BO,2005-10-18T00:00:00Z,1,0.021556
BOLIVIA,2005,NFR,NFR,Nueva Fuerza Republicana,Gildo Angulo Cabrera,Angulo,19667,0.006844,BO,2005-10-18T00:00:00Z,,
BOLIVIA,2005,Frepab,Frepab,Frente Patriótico Agrepecuario de Bolivia,Eliceo Rodríguez Pari,Rodriguez,8737,0.00304,BO,2005-10-18T00:00:00Z,,
BOLIVIA,2005,USTB,USTB,Unión Social de los Trabajadores de Bolivia,Néstor García Rojas,García,7381,0.002568,BO,2005-10-18T00:00:00Z,,
BRASIL,2022,PT,PT,Partido dos Trabalhadores,Luiz Lula da Silva,Da Silva,57259504,0.484307198598687,BR,2022-10-02T00:00:00Z,0.345245422402627,0.167204843352837
BRASIL,2022,PL,PL,Partido Liberal,Jair Bolsonaro,Bolsonaro,51072345,0.463252884596415,BR,2022-10-02T00:00:00Z,0.920000400457785,0.426192839341926
BRASIL,2022,MDB,MDB,Movimiento Democrático Brasileiro,Simone Tebet,Tebet,4915423,0.0543039069674159,BR,2022-10-02T00:00:00Z,1,0.0543039069674159
BRASIL,2022,PDT,PDT,Partido Democrático Trabalhista,Ciro Gomes,Gomes,3599287,0.0363763204327085,BR,2022-10-02T00:00:00Z,0.9974663764031,0.0362841565288918
BRASIL,2022,UB,UB,União Brasil,Soraya Thronicke,Thronicke,600955,0.00598304856502511,BR,2022-10-02T00:00:00Z,0.61374765289571,0.00367208201394521
BRASIL,2022,NOVO,NOVO,Partido Novo,Luiz Felipe D'Ávila,D'Avila,559708,0.00545940835256275,BR,2022-10-02T00:00:00Z,0.046518343681237,0.00025396263404073
BRASIL,2022,PTB,PTB,Partido Trabalhista Brasileiro,Luiz Cláudio Gamonal,Gamonal,81129,0.000785294042231801,BR,2022-10-02T00:00:00Z,0.368050660408638,0.000289027990858383
BRASIL,2022,UP,UP,Unidade Popular,Leonardo Péricles,Pericles,53519,0.000512054516684602,BR,2022-10-02T00:00:00Z,0.574847936023219,0.00029435348204751
BRASIL,2022,PCB,PCB,Partido Comunista Brasileiro,Antonio Alves da Silva,Alves,45620,0.000432276819538366,BR,2022-10-02T00:00:00Z,0.377394969980293,0.000163139097332858
BRASIL,2022,PSTU,PSTU,Partido Socialista dos Trabalhadores Unificado,Künã Yporã Tremembé,Tremembé,25625,0.000240953754481693,BR,2022-10-02T00:00:00Z,0,0
BRASIL,2022,DC,DC,Democracia Cristiã,João Barbosa Bravo,Barbosa,16604,0.000155265062681817,BR,2022-10-02T00:00:00Z,,
BRASIL,2018,PSL,PSL,Partido Social Liberal,Jair Bolsonaro,Bolsonaro,49277010,0.460314481312036,BR,2018-10-07T00:00:00Z,0.998259594686032,0.459513347542665
BRASIL,2018,PT,PT,Partido dos Trabalhadores,Fernando Haddad,Haddad,31342051,0.292777503126111,BR,2018-10-07T00:00:00Z,0.90409254995005,0.264697959369294
BRASIL,2018,PDT,PDT,Partido Democrático Trabalhista,Ciro Ferreira Gomes,Gomes,13344371,0.124654625256289,BR,2018-10-07T00:00:00Z,0.447950927949835,0.0558391550567934
BRASIL,2018,PSDB,PSDB,Partido da Social Democracia Brasileiro,Geraldo Alckmin,Alckmin,5096350,0.0476068598081458,BR,2018-10-07T00:00:00Z,1,0.0476068598081458
BRASIL,2018,Novo,Novo,Partido Novo,João Amoêdo,Amoedo,2679745,0.0250324731497208,BR,2018-10-07T00:00:00Z,0.0363487528091398,0.00090989917872063
BRASIL,2018,Patri,Patri,Patriota,Benevenuto Daciolo,Daciolo,1348323,0.0125951757703255,BR,2018-10-07T00:00:00Z,0.207067544477369,0.00260805211902216
BRASIL,2018,MDB,MDB,Movimiento Democrático Brasileiro,Henrique Meirelles,Meirelles,1288950,0.012040550972698,BR,2018-10-07T00:00:00Z,1,0.012040550972698
BRASIL,2018,Rede,Rede,Rede Sustentabilidade,Marina Silva Vaz,Silva,1069578,0.00999131729568749,BR,2018-10-07T00:00:00Z,0.357123338230182,0.00356813258595287
BRASIL,2018,Pode,Pode,Podemos,Álvaro Fernandes Dias,Fernandes,859601,0.00802984573232645,BR,2018-10-07T00:00:00Z,0,0
BRASIL,2018,PSOL,PSOL,Partido Socialismo e Libertade,Guilherme Castro Boulos,Castro,617122,0.00576476116014845,BR,2018-10-07T00:00:00Z,1,0.00576476116014845
BRASIL,2018,PSTU,PSTU,Partido Socialista dos Trabalhadores Unificado,Vera Lúcia Salgado,Salgado,55762,0.000520893132658044,BR,2018-10-07T00:00:00Z,0,0
BRASIL,2018,DC,DC,Democracia Cristã,José Maria Eymael,Eymael,41710,0.00038962828742095,BR,2018-10-07T00:00:00Z,0.61898435237664,0.000241173813156876
BRASIL,2018,PPL,PPL,Partido Pátria Livre,João Vicente Goulart,Goulart,30176,0.00028188499643286,BR,2018-10-07T00:00:00Z,0.419531046199135,0.000118259507461317
BRASIL,2014,PT,PT,Partido dos Trabalhadores,Dilma Rousseff,Rousseff,43267668,0.41594,BR,2014-10-05T00:00:00Z,0.927333961847606,0.385715288090893
BRASIL,2014,PSDB,PSDB,Partido da Social Democracia Brasileiro,Aecio Neves,Neves,34897211,0.335473,BR,2014-10-05T00:00:00Z,1,0.335473
BRASIL,2014,PSB,PSB,Partido Socialista Brasileiro,Marina Silva,Silva,22176619,0.213188,BR,2014-10-05T00:00:00Z,0.984581831058254,0.209901031399647
BRASIL,2014,PSOL,PSOL,Partido Socialismo e Libertade,Luciana Genro,Genro,1612186,0.015498,BR,2014-10-05T00:00:00Z,1,0.015498
BRASIL,2014,PSC,PSC,Partido Social Cristão,Everaldo Pereira,Pereira,780513,0.007503,BR,2014-10-05T00:00:00Z,0.585184469284536,0.00439063907304187
BRASIL,2014,PV,PV,Partido Verde,Eduardo Jorge,Jorge,630099,0.006057,BR,2014-10-05T00:00:00Z,0.899341212586242,0.00544730972463487
BRASIL,2014,PRTB,PRTB,Partido Renovador Trabalhista Brasileiro,Levy Fidelix,Fidelix,446878,0.004296,BR,2014-10-05T00:00:00Z,0.907949170631209,0.00390054963703167
BRASIL,2014,PSTU,PSTU,Partido Socialista dos Trabalhadores Unificado,José Marcelo Ferreira,Ferreira,91209,0.000877,BR,2014-10-05T00:00:00Z,0.528757325151308,0.000463720174157697
BRASIL,2014,PSDC,PSDC,Partido Social Democrata Cristão,Jose Maria Eymael,Eymael,61250,0.000589,BR,2014-10-05T00:00:00Z,1,0.000589
BRASIL,2014,PCB,PCB,Partido Comunista Brasileiro,Mauro Iasi,Iasi,47845,0.00046,BR,2014-10-05T00:00:00Z,0.616010146819007,0.000283364667536743
BRASIL,2014,PCO,PCO,Partido da Causa Operária,Rui Costa Pimenta,Costa,12324,0.000118,BR,2014-10-05T00:00:00Z,0.69454307459588,8.19560828023138e-05
BRASIL,2010,PT,PT,Partido dos Trabalhadores,Dilma Rousseff,Rousseff,47651434,0.469056,BR,2010-10-03T00:00:00Z,0.907014174147454,0.425440440468908
BRASIL,2010,PSDB,PSDB,Partido da Social Democracia Brasileiro,Jose Serra,Serra,33132283,0.326137,BR,2010-10-03T00:00:00Z,1,0.326137
BRASIL,2010,PV,PV,Partido Verde,Marina Silva,Silva,19636359,0.19329,BR,2010-10-03T00:00:00Z,0.793869809931706,0.153447095561699
BRASIL,2010,PSOL,PSOL,Partido Socialismo e Libertade,Plinio de Arruda Sampaio,Arruda,886816,0.008729,BR,2010-10-03T00:00:00Z,1,0.008729
BRASIL,2010,PSDC,PSDC,Partido Social Democrata Cristão,Jose Maria Eymael,Eymael,89350,0.00088,BR,2010-10-03T00:00:00Z,1,0.00088
BRASIL,2010,PSTU,PSTU,Partido Socialista dos Trabalhadores Unificado,Jose Maria de Almeida,Almeida,84609,0.000833,BR,2010-10-03T00:00:00Z,0.460160284444654,0.000383313516942397
BRASIL,2010,PRTB,PRTB,Partido Renovador Trabalhista Brasileiro,Levy Fidelix,Fidelix,57960,0.000571,BR,2010-10-03T00:00:00Z,0.602788110056464,0.000344192010842241
BRASIL,2010,PCB,PCB,Partido Comunista Brasileiro,Ivan Pinheiro,Pinheiro,39136,0.000385,BR,2010-10-03T00:00:00Z,0.564034382661118,0.00021715323732453
BRASIL,2010,PCO,PCO,Partido da Causa Operária,Rui Costa Pimenta,Costa,12206,0.00012,BR,2010-10-03T00:00:00Z,0.547437207320806,6.56924648784968e-05
BRASIL,2006,PT,PT,Partido dos Trabalhadores,Luiz Inácio Lula da Silva,Da Silva,46662365,0.486083,BR,2006-10-01T00:00:00Z,0.25746500259838,0.125149360858029
BRASIL,2006,PSDB,PSDB,Partido da Social Democracia Brasileira,Geraldo Alckmin,Alckmin,39968369,0.416351,BR,2006-10-01T00:00:00Z,0.742460418681748,0.309124137778564
BRASIL,2006,PSOL,PSOL,Partido Socialismo e Libertade,Heloísa Helena,Helena,6575393,0.068496,BR,2006-10-01T00:00:00Z,1,0.068496
BRASIL,2006,PDT,PDT,Partido Democrático Trabalhista,Cristovam Buarque,Baurque,2538844,0.026447,BR,2006-10-01T00:00:00Z,0.694486510590908,0.0183670847455977
BRASIL,2006,PRP,PRP,Partido Republicano Progesista,Ana Maria Rangel,Rangel,126404,0.001317,BR,2006-10-01T00:00:00Z,1,0.001317
BRASIL,2006,PSDC,PSDC,Partido Social Democrata Cristão,José Maria Eymael,Eymael,63294,0.000659,BR,2006-10-01T00:00:00Z,1,0.000659
BRASIL,2006,PSL,PSL,Partido Social Liberal,Luciano Bivar,Bivar,62064,0.000647,BR,2006-10-01T00:00:00Z,0.509664845070328,0.000329753154760502
CHILE,2021,PLR,Frente Social Cristiano,Partido Republicano de Chile,José Antonio Kast,Kast,1961122,0.279081118896245,CL,2021-11-21T00:00:00Z,0.471640506593781,0.131625960296984
CHILE,2021,CS,AD,Convergencia Social,Gabriel Boric,Boric,1814809,0.258259774916082,CL,2021-11-21T00:00:00Z,0.614715397785162,0.158756260269446
CHILE,2021,PDG,PDG,Partido de la Gente,Franco Parisi,Parisi,899403,0.127991219097353,CL,2021-11-21T00:00:00Z,0.359947600404582,0.0460701321869494
CHILE,2021,,Chile Vamos,Independiente,Sebastián Sichel,Sichel,898510,0.127864139069097,CL,2021-11-21T00:00:00Z,1,0.127864139069097
CHILE,2021,PDC,PDC,Partido Demócrata Cristiano,Yasna Provoste,Provoste,815558,0.116059500206914,CL,2021-11-21T00:00:00Z,0.609222905107332,0.0707061058813612
CHILE,2021,PRO,PRO,Partido Progresista,Marco Enríquez Ominami,Enriquez Ominami,534485,0.0760608834296182,CL,2021-11-21T00:00:00Z,0.382006569153512,0.0290557571257336
CHILE,2021,UPA,UPA,Unión Patriótica,Eduardo Artés,Artés,103181,0.0146833643846907,CL,2021-11-21T00:00:00Z,0.505813865707515,0.00742704930101248
CHILE,2017,,Chile Vamos,Chile Vamos,Sebastian Piñera,Piñera,2418540,0.366429909034162,CL,2017-11-19T00:00:00Z,0.800735826640048,0.293413556116107
CHILE,2017,,Nueva Mayoría,La Fuerza de la Mayoría,Alejandro Guillier,Guillier,1498040,0.226966128709691,CL,2017-11-19T00:00:00Z,0.61645102197631,0.139913501997096
CHILE,2017,,Frente Amplio,Frente Amplio,Beatriz Sanchez,Sanchez,1338037,0.202724278363948,CL,2017-11-19T00:00:00Z,0.36119201202572,0.0732223899887367
CHILE,2017,,Independiente,Independiente,Jose Antonio Kast,Kast,523375,0.0792958783566758,CL,2017-11-19T00:00:00Z,1,0.0792958783566758
CHILE,2017,PDC,PDC,Partido Democrata Cristiano,Carolina Goic,Goic,387784,0.058752658978104,CL,2017-11-19T00:00:00Z,0.596176757450824,0.03502696972118
CHILE,2017,PRO,PRO,Partido Progresista,Marco Enriquez Ominami,Enriquez Ominami,376871,0.0570992442744853,CL,2017-11-19T00:00:00Z,0.432703952555739,0.0247070686855155
CHILE,2017,UPA,UPA,Union Patriotica,Eduardo Artes,Artés,33665,0.00510054118916167,CL,2017-11-19T00:00:00Z,0.566438443954237,0.00288914261451323
CHILE,2017,Pais,Pais,Pais,Alejandro Navarro,Navarro,23968,0.00363136109377178,CL,2017-11-19T00:00:00Z,0.448903918219682,0.00163013222346466
CHILE,2013,PS,Nueva Mayoría,Partido Socialista de Chile,Michelle Bachelet Jeria,Bachelet,3075839,0.46704,CL,2013-11-17T00:00:00Z,0.500560475561892,0.233781764506426
CHILE,2013,UDI,Alianza,Unión Demócrata Independiente,Evelyn Matthei Fornet,Matthei,1648481,0.250308,CL,2013-11-17T00:00:00Z,0.491398574740584,0.123000994446166
CHILE,2013,PRO,PRO,Partido Progresista,Marco Enriquez Ominami,Enriquez Ominami,723542,0.109864,CL,2013-11-17T00:00:00Z,0.486477332956059,0.0534463457078845
CHILE,2013,,Independiente,Independiente,Franco Parisi,Parisi,666015,0.101129,CL,2013-11-17T00:00:00Z,1,0.101129
CHILE,2013,PH,Todos a la Moneda,Partido Humanista,Marcel Claude,Claude,185072,0.028102,CL,2013-11-17T00:00:00Z,0.59373517377912,0.0166851458535408
CHILE,2013,ECOV,PEV,Partido Ecologista Verde,Alfredo Sfeir,Sfeir,154648,0.023482,CL,2013-11-17T00:00:00Z,0.506694947517637,0.0118982107576092
CHILE,2013,IGUAL,Igual,Partido Igualdad,Roxana Miranda,Miranda,81873,0.012432,CL,2013-11-17T00:00:00Z,0.619071289956891,0.00769629427674407
CHILE,2013,PRI,PRI,Partido Regionalista de los Independientes,Ricardo Israel,Israel,37744,0.005731,CL,2013-11-17T00:00:00Z,0.51484860898931,0.00295059737811774
CHILE,2013,,Independiente,Independiente,Tomas Jocelyn Holt,Holt,12594,0.001912,CL,2013-11-17T00:00:00Z,1,0.001912
CHILE,2009,RN,Alianza,Renovacion Nacional,Sebastian Piñera,Piñera,3056526,0.440579,CL,2009-12-13T00:00:00Z,0.761072096138781,0.335312383044728
CHILE,2009,CD,Concertación,Concertacion Democratica,Eduardo Frei Ruiz,Frei Ruiz,2053514,0.296001,CL,2009-12-13T00:00:00Z,1,0.296001
CHILE,2009,,Nueva Mayoría,Independiente,Marco Enriquez Ominami,Enriquez Ominami,1396655,0.201319,CL,2009-12-13T00:00:00Z,1,0.201319
CHILE,2009,PCC,Juntos Podemos,Partido Comunista de Chile,Jorge Arrate,Arrate,430824,0.062101,CL,2009-12-13T00:00:00Z,0.49382336154477,0.0306669245752918
CHILE,2005,PS,Concertación,Partido Socialista de Chile,Michelle Bachelet,Bachelet,3190691,0.459619,CL,2005-12-11T00:00:00Z,0.582235114362517,0.267606321028186
CHILE,2005,RN,Alianza,Renovación Nacional,Sebastián Piñera,Piñera,1763694,0.25406,CL,2005-12-11T00:00:00Z,0.559551760091549,0.142159720168859
CHILE,2005,UDI,UDI,Unión Demócrata Independiente,Joaquín Lavín,Lavín,1612608,0.232296,CL,2005-12-11T00:00:00Z,0.497581387040943,0.115586165884063
CHILE,2005,PHV,Juntos Podemos,Partido Humanista,Tomás Hirsch,Hirsch,375048,0.054026,CL,2005-12-11T00:00:00Z,0.45211866975093,0.0244261632519637
COLOMBIA,2022,,Pacto Histórico,Coalición Pacto Histórico,Gustavo Petro,Petro,8541617,0.410508755229451,CO,2022-05-29T00:00:00Z,0.950389633055643,0.390143265248647
COLOMBIA,2022,,LIGA,Liga Gobernantes Anticorrupción,Rodolfo Hernández,Hernández,5965335,0.286693051839796,CO,2022-05-29T00:00:00Z,0.851080112559023,0.243998754829703
COLOMBIA,2022,,Equipo por Colombia,Coalición Equipo por Colombia,Federico Gutiérrez,Gutiérrez,5069448,0.243636865031578,CO,2022-05-29T00:00:00Z,0.736275416074061,0.179383834172105
COLOMBIA,2022,,Centro Esperanza,Coalición Centro Esperanza,Sergio Fajardo,Fajardo,885268,0.0425458393562327,CO,2022-05-29T00:00:00Z,0.656552205770351,0.0279335646756856
COLOMBIA,2022,,Colombia Justa Libres,Colombia Justa Libres,John Milton Rodríguez,Rodriguez,271372,0.0130420951822268,CO,2022-05-29T00:00:00Z,0.538632946737761,0.00702490215963718
COLOMBIA,2022,,Salvación Nacioanl,Movimiento de Salvación Nacional,Enrique Gómez Martínez,Martínez,48685,0.00233979336094628,CO,2022-05-29T00:00:00Z,0.56800458320368,0.00132901335276703
COLOMBIA,2022,,Partido Verde,Partido Verde Oxígeno,Íngrid Betancourt,Betancorut,14161,0.000680575408942389,CO,2022-05-29T00:00:00Z,0.512851000445868,0.00034903377935496
COLOMBIA,2022,,Piensa en Grande,Colombia Piensa en Grande,Luis Pérez,Pérez,11507,0.000553024590826924,CO,2022-05-29T00:00:00Z,0.502036919483424,0.00027763876197733
COLOMBIA,2018,CD,Gran Alianza,Centro Democratico,Ivan Duque,Duque,7569693,0.3997781326224,CO,2018-05-27T00:00:00Z,0.571588312384123,0.228508508153714
COLOMBIA,2018,MP,Coalición por la Paz,Movimiento Progresistas,Gustavo Petro,Ptro,4851254,0.256209236622535,CO,2018-05-27T00:00:00Z,0.937993809059083,0.240322677775692
COLOMBIA,2018,CC,Compromiso Ciudadano,Compromiso Ciudadano,Sergio Fajardo,Fajardo,4589696,0.242395576172574,CO,2018-05-27T00:00:00Z,0.792605744943407,0.192124126223249
COLOMBIA,2018,,Cambio Radical,Cambio Radical,Germán Vargas Lleras,Vargas,1407840,0.074352242056728,CO,2018-05-27T00:00:00Z,0.315500855141324,0.0234581959505724
COLOMBIA,2018,PLC,Partido Liberal,Partido Liberal Colombiano,Humberto de la Calle,De la Calle,399180,0.021081889976279,CO,2018-05-27T00:00:00Z,0.650680345174701,0.0137175714467003
COLOMBIA,2018,,Todos somos Colombia,Todos Somos Colombia,Jorge Antonio Trujillo,Trujillo,75614,0.00399340154483282,CO,2018-05-27T00:00:00Z,0.551529497454701,0.00220247874715647
COLOMBIA,2018,,Somos Región,Somos Region Colombia,Viviane Morales Hoyos,Morales,41458,0.00218952100465098,CO,2018-05-27T00:00:00Z,0.559095981797094,0.0012241523957607
COLOMBIA,2014,PSUN,Partido de la U,Partido Social de Unidad Nacional,Juan Manuel Santos,Santos,3301815,0.273306,CO,2014-05-25T00:00:00Z,0.716903237364602,0.19593395619117
COLOMBIA,2014,CD,Centro Democrático,Centro Democratico,Oscar Ivan Zuluaga,Zuluaga,3759971,0.311229,CO,2014-05-25T00:00:00Z,0.596356901292521,0.18560356203237
COLOMBIA,2014,PCC,Partido Conservador,Partido Conservador Colombiano,Marta Lucia Ramirez,Ramírez,1995698,0.165193,CO,2014-05-25T00:00:00Z,0.758977524040416,0.125377774128808
COLOMBIA,2014,PDA,Polo democrático,Polo Democrático Alternativo,Clara Lopez,López,1958414,0.162106,CO,2014-05-25T00:00:00Z,0.877634772958655,0.142269862505236
COLOMBIA,2014,PVC,Alianza Verde,Partido Verde Colombiano,Enrique Peñalosa,Peñalosa,1065142,0.088166,CO,2014-05-25T00:00:00Z,0.676041641866721,0.0596038873968213
COLOMBIA,2010,PSUN,Partido de la U,Partido Social de Unidad Nacional,Juan Manuel Santos,Santos,6802043,0.474056,CO,2010-05-30T00:00:00Z,0.649559336463025,0.307927500806316
COLOMBIA,2010,PV,Partido Verde,Partido Verde,Antanas Mockus,Mockus,3134222,0.218434,CO,2010-05-30T00:00:00Z,0.462918906977996,0.101117228526831
COLOMBIA,2010,PCR,Cambio Radical,Partido Cambio Radical,Germán Vargas Lleras,Vargas Lleras,1473627,0.102702,CO,2010-05-30T00:00:00Z,0.469756191378096,0.0482449003669132
COLOMBIA,2010,PDA,Polo democrático,Polo Democrático Alternativo,Gustavo Petro,Petro,1331267,0.09278,CO,2010-05-30T00:00:00Z,0.693663040068719,0.0643580568575757
COLOMBIA,2010,PCC,Partido Conservador,Partido Conservador Colombiano,Noemí Sanín,Sanín,893819,0.062293,CO,2010-05-30T00:00:00Z,0.476458767081004,0.029680045977777
COLOMBIA,2010,PLC,Partido Liberal,Partido Liberal Colombiano,Rafael Pardo,Pardo,638302,0.044485,CO,2010-05-30T00:00:00Z,0.564281447420485,0.0251020601885003
COLOMBIA,2010,PPAL,Apertura Liberal,Partido Político Apertura Liberal,Jairo Calderón,Calderón,29151,0.002032,CO,2010-05-30T00:00:00Z,1,0.002032
COLOMBIA,2010,MVC,MVC,Movimiento La Voz de la Consciencia,Robinson Devia,Devia,31338,0.002184,CO,2010-05-30T00:00:00Z,1,0.002184
COLOMBIA,2010,ASA,ASA,Alianza Social Afrocolombiana,Jaime Araujo,Araujo,14847,0.001035,CO,2010-05-30T00:00:00Z,1,0.001035
COLOMBIA,2006,PC,Primero Colombia,Primero Colombia,Álvaro Uribe,Uribe,7397835,0.635656,CO,2006-05-28T00:00:00Z,0.455039885616298,0.289248833531313
COLOMBIA,2006,PDA,Polo democrático,Polo Democrático Alternativo,Carlos Gaviria Díaz,Gaviria,2613157,0.224534,CO,2006-05-28T00:00:00Z,0.527892176173962,0.118529741885044
COLOMBIA,2006,PLC,Partido Liberal,Partido Liberal Colombiano,Horacio Uribe,Uribe,1404235,0.120658,CO,2006-05-28T00:00:00Z,0.461276885619191,0.0556567464650404
COLOMBIA,2006,ASI,ASI,Movimiento Alianza Social Independiente,Antanas Mockus,Mockus,146583,0.012595,CO,2006-05-28T00:00:00Z,1,0.012595
COLOMBIA,2006,RDN,RDN,Reconstrucción Democrática Nacional,Enrique Parejo González,Parejo,42652,0.003665,CO,2006-05-28T00:00:00Z,1,0.003665
COLOMBIA,2006,MNR,MNR,Movimiento Nacional de Reconciliación,Álvaro Leyva,Leyva,18263,0.001569,CO,2006-05-28T00:00:00Z,1,0.001569
COLOMBIA,2006,MCCC,Movimiento Político Comunal,Movimiento Politico Comunal y Comunidad Colombiano,Carlos Arturo Rincón,Rincón,15388,0.001322,CO,2006-05-28T00:00:00Z,,
COSTA RICA,2022,PLN,PLN,Partido Liberación Nacional,José María Figueres,Figueres,571518,0.27282491636497,CR,2022-02-06T00:00:00Z,0.51753607025373,0.141196735082829
COSTA RICA,2022,PSD,PSD,Progreso Social Democrático,Rodrigo Chaves,Chaves,351453,0.167772730397324,CR,2022-02-06T00:00:00Z,0.588913392413582,0.0988036078127772
COSTA RICA,2022,PNR,PNR,Partido Nueva República,Fabricio Alvarado,Alvarado,311633,0.148763900982234,CR,2022-02-06T00:00:00Z,0.594194319942253,0.0883946649760953
COSTA RICA,2022,PLP,PLP+,Partido Liberal Progresista,Eliécer Feinzaig,Feinzaig,259788,0.124014710599881,CR,2022-02-06T00:00:00Z,0.347354166696386,0.0430770264585151
COSTA RICA,2022,PUSC,PUSC,Partido Unidad Social Cristiana,Franco Pacheco Arce,Pacheco Arce,259767,0.124004685853077,CR,2022-02-06T00:00:00Z,0,0
COSTA RICA,2022,FA,FA,Frente Amplio,José María Villalta,Villalta,182789,0.0872577830224707,CR,2022-02-06T00:00:00Z,0.27499672583977,0.0239956046352165
COSTA RICA,2022,CRJ,CRJ,Costa Rica Justa,Rolando Araya Monge,Araya,19951,0.00952398683225639,CR,2022-02-06T00:00:00Z,0.514846580347625,0.00490339205186301
COSTA RICA,2022,PFN,PFN,Partido Fuerza Nacional,Greivin Moya Carpio,Moya,16576,0.00791286681025923,CR,2022-02-06T00:00:00Z,0,0
COSTA RICA,2022,UP,UP,Unidos Podemos,Natalia Díaz Quintana,Diaz,16496,0.00787467729862671,CR,2022-02-06T00:00:00Z,0.479644813906967,0.00377704812747723
COSTA RICA,2022,PAC,PAC,Partido Acción Ciudadana,Walter Ramos González,Ramos,13803,0.00658912286329682,CR,2022-02-06T00:00:00Z,0,0
COSTA RICA,2022,PASE,PASE,Partido Accesibilidad Sin Exclusión,Óscar López Arias,López,12418,0.00592796694315873,CR,2022-02-06T00:00:00Z,,
COSTA RICA,2022,PRSC,PRSC,Partido Republicano Social Cristiano,Rodolfo Hernández,Hernández,12224,0.00583535737744986,CR,2022-02-06T00:00:00Z,0.451788126188627,0.00263634517519905
COSTA RICA,2022,PNG,PNG,Partido Nueva Generación,Sergio Mena,Mena,11643,0.00555800604921864,CR,2022-02-06T00:00:00Z,0.523447555315068,0.00290932467888986
COSTA RICA,2022,PREN,PREN,Partido Restauración Nacional,Eduardo Cruickshank,Cruickshank,11160,0.00532743687273727,CR,2022-02-06T00:00:00Z,0.517966608073615,0.00275943440669803
COSTA RICA,2022,JSC,JSC,Justicia Social Costarricense,Carmen Quesada,Quesada,6759,0.00322653636405298,CR,2022-02-06T00:00:00Z,0.511219505593272,0.00164946832480988
COSTA RICA,2022,UL,UL,Unión Liberal,Federico Malavassi,Malavassi,6633,0.00316638788323175,CR,2022-02-06T00:00:00Z,0.532402606943684,0.00168579316362748
COSTA RICA,2022,PUCD,PUCD,Unión Costarricense Democrática,Maricela Morales Mora,Morales,6604,0.00315254418526496,CR,2022-02-06T00:00:00Z,0.452670431591336,0.00142706353695465
COSTA RICA,2022,ADC,ADC,Alianza Democrática Cristiana,Christian Rivera Paniagua,Rivera,5697,0.0027195705971312,CR,2022-02-06T00:00:00Z,1,0.0027195705971312
COSTA RICA,2022,PEN,PEN,Partido Encuentro Nacional,Óscar Campos Chavarría,Campos,4639,0.00221451430579106,CR,2022-02-06T00:00:00Z,0,0
COSTA RICA,2022,PNP,PNP,Partido Nuestro Pueblo,Rodolfo Piza Rocafort,Piza,3359,0.00160348211967065,CR,2022-02-06T00:00:00Z,0.485429810861764,0.000778378022071946
COSTA RICA,2022,PIN,PIN,Partido Integración Nacional,Walter Muñoz Céspedes,Muñoz,3022,0.00144260880191864,CR,2022-02-06T00:00:00Z,0,0
COSTA RICA,2022,PMSDC,PMSDC,Partido Movimiento Social Demócrata Costarricense,Roulan Jiménez Chavarría,Chavarría,2032,0.000970013595466141,CR,2022-02-06T00:00:00Z,,
COSTA RICA,2022,PT,PT,Partido de los Trabajadores,Jhonn Vega Masís,Vega,1951,0.000931346714938209,CR,2022-02-06T00:00:00Z,0,0
COSTA RICA,2022,PU,PU,Pueblo Unido,Martón Chinchilla Castro,Chinchilla,1495,0.000713666498632815,CR,2022-02-06T00:00:00Z,0,0
COSTA RICA,2022,ML,ML,Movimiento Libertario,Luis Alberto Cordero Arias,Cordero,1406,0.000671180666941631,CR,2022-02-06T00:00:00Z,0.485978851243898,0.000326179609497407
COSTA RICA,2018,PAC,PAC,Partido Accion Ciudadana,Fabricio Alvarado Quesada,Alvarado Quesada,538504,0.24992098657027,CR,2018-02-04T00:00:00Z,0,0
COSTA RICA,2018,PREN,PREN,Partido Restauración Nacional,Carlos Alvarado Muñóz,Alvarado Muñóz,466129,0.216331577015237,CR,2018-02-04T00:00:00Z,0,0
COSTA RICA,2018,PLN,PLN,Partido Liberacion Nacional,Antonio Alvarez,Alvarez,401505,0.186339424986437,CR,2018-02-04T00:00:00Z,0.479924109701999,0.089428782638998
COSTA RICA,2018,PUSC,PUSC,Partido Unidad Social Cristiana,Rodolfo Piza Rocafort,Piza,344595,0.159927358695909,CR,2018-02-04T00:00:00Z,0.526478171885813,0.0841982634407491
COSTA RICA,2018,PIN,PIN,Partido Integración Nacional,Juan Diego Castro,Castro,205602,0.095420376971797,CR,2018-02-04T00:00:00Z,0.499749162726526,0.047686253498705
COSTA RICA,2018,PRSC,Republicano,Partido Republicano Socialcristiano,Rodolfo Hernandez,Hernández,106444,0.049400913446299,CR,2018-02-04T00:00:00Z,1,0.049400913446299
COSTA RICA,2018,PML,ML,Partido Movimiento Libertario,Otto Guevara Guth,Guevara,21890,0.0101592010384755,CR,2018-02-04T00:00:00Z,0.528415714801336,0.00536828147855649
COSTA RICA,2018,FA,FA,Frente Amplio,Edgardo Araya,Araya,16862,0.00782569428555384,CR,2018-02-04T00:00:00Z,0.369285118408711,0.00288991244087112
COSTA RICA,2018,PNG,PNG,Partido Nueva Generación,Sergio Mena,Mena,16329,0.00757832771846807,CR,2018-02-04T00:00:00Z,0.557349486746234,0.00422377706428294
COSTA RICA,2018,ADC,ADC,Alianza Democrata Cristiana,Mario Redondo,Redondo,12638,0.00586532584395857,CR,2018-02-04T00:00:00Z,0.478118362561037,0.0028043199884004
COSTA RICA,2018,PRC,PRC,Partido Renovación Costarricense,Stephanie Campos,Campos,12309,0.00571263616183621,CR,2018-02-04T00:00:00Z,0.545738255726354,0.00311760409455979
COSTA RICA,2018,PASE,PASE,Partido Accesibilidad sin Exclusión,Óscar López,López,7539,0.00349886782225065,CR,2018-02-04T00:00:00Z,,
COSTA RICA,2018,PT,PT,Partido de los Trabajadores,Jhon Vega,Vega,4351,0.00201930944350876,CR,2018-02-04T00:00:00Z,0.485751683280375,0.000980882961248339
COSTA RICA,2014,PAC,PAC,Partido Accion Ciudadana,Luis Guillermo Solis,Solís,629866,0.306434,CR,2014-02-02T00:00:00Z,0.581952639450329,0.178330075117322
COSTA RICA,2014,PLN,PLN,Partido Liberacion Nacional,Johnny Aray Monge,Araya,610634,0.297077,CR,2014-02-02T00:00:00Z,0,0
COSTA RICA,2014,FA,FA,Frente Amplio,Jose Maria Villalta,Villalta,354479,0.172456,CR,2014-02-02T00:00:00Z,0.231300697460853,0.0398891930813089
COSTA RICA,2014,ML,ML,Partido Movimiento Libertario,Otto Guevara,Guevara,233064,0.113387,CR,2014-02-02T00:00:00Z,0.533924345598405,0.0605400797743664
COSTA RICA,2014,PUSC,PUSC,Partido Unidad Social Cristiana,Rodolfo Piza Rocafort,Piza,123653,0.060158,CR,2014-02-02T00:00:00Z,0.538260071796934,0.0323806493991599
COSTA RICA,2014,PPN,PPN,Partido Patria Nueva,Jose Miguel Corrales,Corrales,30816,0.014992,CR,2014-02-02T00:00:00Z,0.518044002796633,0.00776651568992712
COSTA RICA,2014,PREN,PREN,Partido Restauración Nacional,Carlos Avendaño,Avendaño,27691,0.013472,CR,2014-02-02T00:00:00Z,0.401199422622091,0.00540495862156481
COSTA RICA,2014,PRC,PRC,Partido Renovación Costarricense,Justo Orozco,Orozco,16721,0.008135,CR,2014-02-02T00:00:00Z,0.465073427937401,0.00378337233627075
COSTA RICA,2014,PASE,PASE,Partido Accesibilidad sin Exclusión,Óscar López,López,10339,0.00503,CR,2014-02-02T00:00:00Z,,
COSTA RICA,2014,PNG,PNG,Partido Nueva Generación,Sergio Mena,Mena,5882,0.002862,CR,2014-02-02T00:00:00Z,0.525822462030626,0.00150490388633165
COSTA RICA,2014,PT,PT,Partido de los Trabajadores,Héctor Monestel,Monestel,4897,0.002382,CR,2014-02-02T00:00:00Z,0.509534412179857,0.00121371096981242
COSTA RICA,2014,PIN,PIN,Partido Integración Nacional,Walter Muñoz,Muñoz,4388,0.002135,CR,2014-02-02T00:00:00Z,0.468976359681552,0.00100126452792011
COSTA RICA,2014,PAN,PAN,Partido Avance Nacional,José Echandi,Echandi,3042,0.00148,CR,2014-02-02T00:00:00Z,0,0
COSTA RICA,2010,LN,LN,Liberacion Nacional,Laura Chinchilla,Chinchilla,863803,0.467797,CR,2010-02-07T00:00:00Z,0.531076549550913,0.248436016650269
COSTA RICA,2010,AC,AC,Accion Ciudadana,Ottón Solís,Solís,464454,0.251528,CR,2010-02-07T00:00:00Z,0.502997207814041,0.12651788168705
COSTA RICA,2010,ML,ML,Movimiento Libertario,Otto Guevara,Guevara,384540,0.20825,CR,2010-02-07T00:00:00Z,0.516645910204236,0.107591510800032
COSTA RICA,2010,PUSC,PUSC,Unidad Social Cristiana,Luis Fishman,Fishman,71330,0.038629,CR,2010-02-07T00:00:00Z,0.54848783338748,0.021187536515925
COSTA RICA,2010,PAE,PAE,Partido Accesibilidad sin Exclusión,Óscar López,López,35215,0.019071,CR,2010-02-07T00:00:00Z,,
COSTA RICA,2010,RC,RC,Renovacion Costarricense,Mayra González,González,13376,0.007244,CR,2010-02-07T00:00:00Z,0,0
COSTA RICA,2010,FA,FA,Frente Amplio,Eugenio Trejos,Trejos,6822,0.003694,CR,2010-02-07T00:00:00Z,0.52354169958336,0.00193396303826093
COSTA RICA,2010,AP,AP,Alianza Patriotica,Rolando Araya,Araya,3795,0.002055,CR,2010-02-07T00:00:00Z,0.490951212298626,0.00100890474127368
COSTA RICA,2010,IN,IN,Integracion Nacional,Walter Muñoz,Muñoz,3198,0.001732,CR,2010-02-07T00:00:00Z,1,0.001732
COSTA RICA,2006,PLN,PLN,Partido Liberación Nacional,Óscar Arias,Arias,664551,0.409208,CR,2006-02-05T00:00:00Z,0.503830730223873,0.206171565453451
COSTA RICA,2006,AC,PAC,Partido Acción Ciudadana,Ottón Solís,Solís,646382,0.39802,CR,2006-02-05T00:00:00Z,0.502455486407774,0.199987332700022
COSTA RICA,2006,ML,ML,Movimiento Libertario,Otto Guevara Guth,Guevara,137710,0.084797,CR,2006-02-05T00:00:00Z,0.442061403505698,0.0374854808330727
COSTA RICA,2006,PUSC,PUSC,Partido de Unidad Socialcristiana,Ricardo Toledo,Toledo,57655,0.035502,CR,2006-02-05T00:00:00Z,1,0.035502
COSTA RICA,2006,UPC,UPC,Partido Unión para el Cambio,Antonio Álvarez Desanti,Álvarez,39557,0.024358,CR,2006-02-05T00:00:00Z,1,0.024358
COSTA RICA,2006,UN,PUN,Partido Unión Nacional,Jose Manuel Echandi Meza,Echandi,26593,0.016375,CR,2006-02-05T00:00:00Z,,
COSTA RICA,2006,PP,PP,Partido Patria Primero,Juan Jose Vargas Fallas,Vargas,17594,0.010834,CR,2006-02-05T00:00:00Z,,
COSTA RICA,2006,RC,RC,Renovación Costarricense,Bolivar Serrano Hildago,Serrano,15539,0.009568,CR,2006-02-05T00:00:00Z,0,0
COSTA RICA,2006,IN,IN,Integración Nacional,Walter Muñoz Cespedes,Muñoz,5136,0.003163,CR,2006-02-05T00:00:00Z,0,0
COSTA RICA,2006,AND,AND,Alianza Democratica Nacionalista,José Miguel Villalobor,Villalobor,3670,0.00226,CR,2006-02-05T00:00:00Z,,
COSTA RICA,2006,FD,FD,Fuerza Democratica,Vladimir de Cruz de Lemos,Cruz,3020,0.00186,CR,2006-02-05T00:00:00Z,,
COSTA RICA,2006,RN,RN,Rescate Nacional,Alvaro Montero Mejia,Mejia,2430,0.001496,CR,2006-02-05T00:00:00Z,0.492442267988456,0.00073669363291073
COSTA RICA,2006,CUI,CUI,Coalición Izquierda Unida,Humberto Vargas Carbonell,Vargas,2291,0.001411,CR,2006-02-05T00:00:00Z,1,0.001411
COSTA RICA,2006,UP,UP,Union Patriotica,José Humberto Arce,Arce,1864,0.001148,CR,2006-02-05T00:00:00Z,,
REPÚBLICA DOMINICANA,2020,PRM,PRM,Partido Revolucionario Moderno,Luis Abinader,Abinader,2154876,0.525152729537849,DO,2020-07-05T00:00:00Z,0.547171932377397,0.287348833814489
REPÚBLICA DOMINICANA,2020,PLD,PLD,Partido de la Liberación Dominicana,Gonzálo Castillo,Castillo,1537041,0.374583631058857,DO,2020-07-05T00:00:00Z,0,0
REPÚBLICA DOMINICANA,2020,FP,FP,Fuerza del Pueblo,Leonel Fernández,Fernández,365230,0.0890081523990747,DO,2020-07-05T00:00:00Z,0.410575010520089,0.0365445231076238
REPÚBLICA DOMINICANA,2020,ALPAIS,ALPAIS,Alianza País,Guillermo Moreno,Moreno,39458,0.00961608760880182,DO,2020-07-05T00:00:00Z,0.550495231274484,0.00529361037216306
REPÚBLICA DOMINICANA,2020,PDI,PDI,Partido Demócrata Institucional,Ismael Reyes,Reyes,3481,0.000848334962903319,DO,2020-07-05T00:00:00Z,1,0.000848334962903319
REPÚBLICA DOMINICANA,2020,PNVC,PNVC,Partido Nacional Voluntad Ciudadana,Juan Cohen,Cohen,3246,0.000791064432514844,DO,2020-07-05T00:00:00Z,0.446674180961987,0.000353348057481727
REPÚBLICA DOMINICANA,2016,PLD,PLD,Partido de la Liberación Dominicana,Danilo Medina,Medina,2847438,0.619590136824148,DO,2016-05-15T00:00:00Z,0.555209725218285,0.344002469614095
REPÚBLICA DOMINICANA,2016,PRM,PRM,Partido Revolucionario Moderno,Luis Abinader,Abinader,1613222,0.351030097831007,DO,2016-05-15T00:00:00Z,0.516477430853331,0.181299123079952
REPÚBLICA DOMINICANA,2016,ALPAIS,ALPAIS,Alianza País,Guillermo Moreno,Moreno,84399,0.0183648556905616,DO,2016-05-15T00:00:00Z,0.661607131755827,0.0121503194985421
REPÚBLICA DOMINICANA,2016,PQDC,PQDC,Partido Quisqueyano Demócrata Cristiano,Elías Wessin Chávez,Wessin,20423,0.00444395606308533,DO,2016-05-15T00:00:00Z,,
REPÚBLICA DOMINICANA,2016,APD,Alianza por la Democrácia,Alianza por la Democrácia,Minou Tavárez Mirabal,Tavarez,16256,0.00353723496849215,DO,2016-05-15T00:00:00Z,1,0.00353723496849215
REPÚBLICA DOMINICANA,2016,PSRD,PSRD,Partido Revolucionario Social Demócrata,Hatuey de Camps,De Camps,8264,0.00179821049333287,DO,2016-05-15T00:00:00Z,1,0.00179821049333287
REPÚBLICA DOMINICANA,2016,PUN,Unidad Nacional,Partido de la Unidad Nacional,Soraya Aquino,Aquino,5678,0.00123550812937367,DO,2016-05-15T00:00:00Z,1,0.00123550812937367
REPÚBLICA DOMINICANA,2012,PLD,PLD,Partido de la Liberacion Dominicana,Danilo Medina,Medina,2323463,0.512125,DO,2012-05-20T00:00:00Z,0.579184472293076,0.296614847873091
REPÚBLICA DOMINICANA,2012,PRD,PRD,Partido Revolucionario Dominicano,Hipolita Mejia,Mejia,2130189,0.469524,DO,2012-05-20T00:00:00Z,0,0
REPÚBLICA DOMINICANA,2012,ALPAIS,ALPAIS,Alianza Pais,Guillermo Moreno,Moreno,62296,0.013731,DO,2012-05-20T00:00:00Z,0.604433278439311,0.00829947334625018
REPÚBLICA DOMINICANA,2012,DxC,DxC,Partido Dominicanos por el Cambio,Eduardo Estrella,Estrella,9343,0.002059,DO,2012-05-20T00:00:00Z,1,0.002059
REPÚBLICA DOMINICANA,2012,FA,FA,Frente Amplio,Julián Serulle,Serulle,6553,0.001444,DO,2012-05-20T00:00:00Z,0,0
REPÚBLICA DOMINICANA,2012,APD,Alianza por la Democrácia,Alianza por la Democracia,Max Puig,Puig,5066,0.001117,DO,2012-05-20T00:00:00Z,0.515634680532634,0.000575963938154952
REPÚBLICA DOMINICANA,2008,PLD,PLD,Partido de la Liberacion Dominicana,Leonel Fernandez,Fernández,2199734,0.538288,DO,2008-08-16T00:00:00Z,0.49607002446279,0.267028541328027
REPÚBLICA DOMINICANA,2008,PRD,PRD,Partido Revolucionario Dominicano,Miguel Vargas Maldonado,Vargas,1654066,0.404759,DO,2008-08-16T00:00:00Z,0.476414015043066,0.192832860314816
REPÚBLICA DOMINICANA,2008,PRSC,PRSC,Partido Reformista Social Cristiano,Amable Aristy,Aristy,187645,0.045918,DO,2008-08-16T00:00:00Z,0.519562341310626,0.0238572635883013
REPÚBLICA DOMINICANA,2008,PRSD,PRSD,Partido Revolucionario Socialdemocrata,Eduardo Estrella,Estrella,19309,0.004725,DO,2008-08-16T00:00:00Z,1,0.004725
REPÚBLICA DOMINICANA,2008,MIUC,MIUC,"Movimiento Independencia, Unidad y Cambio",Guillermo Moreno,Moreno,18136,0.004438,DO,2008-08-16T00:00:00Z,1,0.004438
REPÚBLICA DOMINICANA,2008,PAP,PAP,Partido Alianza Popular,Pedro de Jesus Candelier,Candelier,6118,0.001497,DO,2008-08-16T00:00:00Z,1,0.001497
REPÚBLICA DOMINICANA,2008,PRI,PRI,Partido Revolucionario Independiente,Trajano Santana,Santana,1533,0.000375,DO,2008-08-16T00:00:00Z,1,0.000375
REPÚBLICA DOMINICANA,2004,PLD,PLD,Partido de la Liberacion Dominicana,Leonel Fernández,Fernández,2063871,0.571124,DO,2004-05-16T00:00:00Z,0.520927257681774,0.297514059116245
REPÚBLICA DOMINICANA,2004,PRD,PRD,Partido Revolucionario Dominicano,Hipólito Mejía,Mejía,1215928,0.336477,DO,2004-05-16T00:00:00Z,0.50432215405894,0.16969280543129
REPÚBLICA DOMINICANA,2004,PRSC,PRSC,Partido Reformista Social Cristiano,Eduardo Estrella,Estrella,312493,0.086475,DO,2004-05-16T00:00:00Z,0.484520453170653,0.0418989061879322
ECUADOR,2021,CREO,CREO,Movimiento Creando Oportunidades,Guillermo Lasso,Lasso,1830172,0.197386247720834,EC,2021-05-21T00:00:00Z,0.562702422813588,0.111069719822597
ECUADOR,2021,UNES,UNES,Unión por la Esperanza,Andrés Arauz,Arauz,3033791,0.327198002078077,EC,2021-05-21T00:00:00Z,0.535876141705337,0.175337602927295
ECUADOR,2021,MUPP,MUPP,Movimiento de Unidad Plurinacional Pachakutik,Yaku Pérez,Pérez,1798057,0.193922606409769,EC,2021-05-21T00:00:00Z,0.479555475916347,0.0929966478077755
ECUADOR,2021,ID,ID,Izquierda Democrática,Xavier Hervas,Hervas,1453915,0.156806478492206,EC,2021-05-21T00:00:00Z,0.528705666778064,0.0829044737663417
ECUADOR,2021,AMIGO,AMIGO,Movimiento Acción Movilizadora Independiente Generando Oportunidades,Pedro José Freile,Freile,192763,0.0207897210040429,EC,2021-05-21T00:00:00Z,1,0.0207897210040429
ECUADOR,2021,Avanza,Avanza,Partido Político Avanza,Isidro Romero,Romero,172714,0.0186274122808437,EC,2021-05-21T00:00:00Z,0.501173665968911,0.00933556850030473
ECUADOR,2021,PSP,PSP,Partido Sociedad Patriótica 21 de Enero,Lucio Gutiérrez,Gutiérrez,164800,0.0177738778783598,EC,2021-05-21T00:00:00Z,1,0.0177738778783598
ECUADOR,2021,EU,EU,Movimiento Ecuatoriano Unido,Gerson Almeida,Almeida,160572,0.0173178830017232,EC,2021-05-21T00:00:00Z,0.459825636243826,0.00796320656966353
ECUADOR,2021,PAIS,PAIS,Movimiento Alianza Patria Altiva I Soberana,Ximena Peña,Peña,143160,0.0154399778948179,EC,2021-05-21T00:00:00Z,1,0.0154399778948179
ECUADOR,2021,SUMA,SUMA,Partido Sociedad Unida Más Acción,Guillermo Celi,Celi,84640,0.00912852562878868,EC,2021-05-21T00:00:00Z,0.539352171018679,0.00492349011608682
ECUADOR,2021,,Construye,Movimento Construye,Juan Fernando Velasco,Velasco,76349,0.00823433132363406,EC,2021-05-21T00:00:00Z,1,0.00823433132363406
ECUADOR,2021,,Alianza Honestidad,Alianza Honestidad,César Montúfar,Montúfar,57620,0.00621438618538284,EC,2021-05-21T00:00:00Z,0.487793504391436,0.00303133721500962
ECUADOR,2021,,Democracia SI,Movimiento Democracia SI,Gustavo Larrea,Larrea,36903,0.00398003286010384,EC,2021-05-21T00:00:00Z,1,0.00398003286010384
ECUADOR,2021,,Fuerza EC,Partido Fuerza EC,Carlos Sagnay,Sagnay,26524,0.00286064524784961,EC,2021-05-21T00:00:00Z,0.511133583080386,0.00146217185545525
ECUADOR,2021,,Unión Ecuatoriana,Movimiento Unión Ecuatoriana,Giovanny Andrade,Andrade,20245,0.00218344755854001,EC,2021-05-21T00:00:00Z,0.414434750616611,0.00090489654440798
ECUADOR,2021,,Juntos Podemos,Juntos Podemos,Paúl Carrasco,Carrasco,19809,0.00213642443502688,EC,2021-05-21T00:00:00Z,0.497145574313456,0.00106211395272874
ECUADOR,2017,Alianza PAiS,Alianza PAIS,Alianza Patria Altiva i Soberana,Lenin Moreno,Moreno,3716343,0.393576379971607,EC,2017-05-24T00:00:00Z,1,0.393576379971607
ECUADOR,2017,CREO,CREO,Creando Oportunidades,Guillermo Lasso,Lasso,2652403,0.280900651787478,EC,2017-05-24T00:00:00Z,0.523362065871649,0.147012745424187
ECUADOR,2017,PSC,PSC,Partido Social Cristiano,Cynthia Viteri,Viteri,1540903,0.163188119241789,EC,2017-05-24T00:00:00Z,0.511612977944633,0.0834891596504757
ECUADOR,2017,ANC,ANC,Acuerdo Nacional por el Cambio,Paco Moncayo,Moncayo,634033,0.0671467657647687,EC,2017-05-24T00:00:00Z,0.52465567540682,0.0352289317436983
ECUADOR,2017,FE,Fuerza EC,Fuerza Ecuador,Abdala Bucaram,Bucaram,455187,0.0482062209193651,EC,2017-05-24T00:00:00Z,0.520504921166119,0.0250915752193506
ECUADOR,2017,,FCS,Fuerza Compromiso Social,Ivan Espinel Molina,Espinel,299840,0.0317543191709395,EC,2017-05-24T00:00:00Z,0.506217897907768,0.0160746047002053
ECUADOR,2017,PSP,PSP,Partido Sociedad Patriotica,Patricio Zuquilanda,Zuquilanda,72679,0.00769701228330012,EC,2017-05-24T00:00:00Z,0.558382577634347,0.00429787755883235
ECUADOR,2017,,UE,Movimiento Union Ecuatoriana,Washington Pesantez,Pesantez,71107,0.00753053086075238,EC,2017-05-24T00:00:00Z,0.55043040209595,0.00414503312967989
ECUADOR,2013,Alianza PAiS,Alianza PAIS,Alianza Patria Altiva i Soberana,Rafael Correa,Correa,4918482,0.571743,EC,2013-02-17T00:00:00Z,1,0.571743
ECUADOR,2013,CREO,CREO,Creando Oportunidades,Guillermo Lasso,Lasso,1951102,0.226804,EC,2013-02-17T00:00:00Z,0.515377292307662,0.116889631404547
ECUADOR,2013,PSP,PSP,Partido Sociedad Patriótica 21 de Enero,Lucio Gutiérrez,Gutiérrez,578875,0.067291,EC,2013-02-17T00:00:00Z,1,0.067291
ECUADOR,2013,SUMA,SUMA,Partido Suma,Mauricio Rodas,Rodas,335532,0.039004,EC,2013-02-17T00:00:00Z,0.532302403950393,0.0207619229636811
ECUADOR,2013,PRIAN,PRIAN,Partido Renovador Institucional de Acción Nacional,Álvaro Noboa,Noboa,319956,0.037193,EC,2013-02-17T00:00:00Z,1,0.037193
ECUADOR,2013,UPI,UPI,Unidad Plurinacional de las Izquierdas,Alberto Acosta,Acosta,280539,0.032611,EC,2013-02-17T00:00:00Z,0.492143274873887,0.0160492843369123
ECUADOR,2013,R25,Ruptura 25,Movimiento Ruptura 25,Norman Wray,Wray,112525,0.01308,EC,2013-02-17T00:00:00Z,1,0.01308
ECUADOR,2013,PRE,PRE,Partido Roldosista Ecuatoriano,Nelson Zavala,Zavala,105592,0.012274,EC,2013-02-17T00:00:00Z,0.503294908884967,0.00617744171165408
ECUADOR,2009,Alianza PAiS,Alianza PAIS,Alianza Patria Altiva i Soberana,Rafael Correa,Correa,3586439,0.519931,EC,2009-04-26T00:00:00Z,1,0.519931
ECUADOR,2009,PSP,PSP,Partido Sociedad Patriótica 21 de Enero,Lucio Gutiérrez,Gutiérrez,1947830,0.28238,EC,2009-04-26T00:00:00Z,1,0.28238
ECUADOR,2009,PRIAN,PRIAN,Partido Renovador Institucional de Acción Nacional,Álvaro Noboa,Noboa,786718,0.114052,EC,2009-04-26T00:00:00Z,1,0.114052
ECUADOR,2009,RED,RED,Etica y Democracia,Martha Roldós,Roldós,298765,0.043312,EC,2009-04-26T00:00:00Z,0.5191930653768,0.0224872900476
ECUADOR,2009,MTM,MTM,Movimiento Triunfo Mil,Carlos Sagñay de la Bastida,Sagñay,108079,0.015668,EC,2009-04-26T00:00:00Z,,
ECUADOR,2009,MTF,MTF,Movimiento Tierra Fértil,Melba Yolanda Jácome,Jácome,93146,0.013504,EC,2009-04-26T00:00:00Z,,
ECUADOR,2009,MIS,MITS,Movimiento Integración Social,Diego Delgado Jara,Delgado,43221,0.006266,EC,2009-04-26T00:00:00Z,1,0.006266
ECUADOR,2009,MJS,MIJS,Movimiento Justo y Solidario,Carlos González Albornoz,González,33714,0.004888,EC,2009-04-26T00:00:00Z,,
ECUADOR,2006,PRIAN,PRIAN,Partido Renovador Institucional Acción Nacional,Alvaro Noboa,Noboa,1464251,0.268295,EC,2006-10-15T00:00:00Z,1,0.268295
ECUADOR,2006,Alianza PAiS,Alianza PAIS,Movimiento Alianza PAIS,Rafael Correa,Correa,1246333,0.228366,EC,2006-10-15T00:00:00Z,0.501404185760409,0.114503668285362
ECUADOR,2006,PSP,PSP,Partido Sociedad Patriótica,Gilmar Gutiérrez Borbúa,Gutiérrez,950895,0.174233,EC,2006-10-15T00:00:00Z,0,0
ECUADOR,2006,ID,ID,Izqueirda Democrática,León Roldós,Roldós,809754,0.148372,EC,2006-10-15T00:00:00Z,1,0.148372
ECUADOR,2006,PSC,PSC,Partido Social Cristiano,Cynthia Viteri,Viteri,525728,0.096329,EC,2006-10-15T00:00:00Z,0.484476260222646,0.0466691136709873
ECUADOR,2006,MUPP-NP,Pachakutik,Movimiento de Unidad Plurinacional Pachakutik,Luis Macas,Macas,119577,0.02191,EC,2006-10-15T00:00:00Z,0.45364387600369,0.00993933732324085
ECUADOR,2006,PRE,PRE,Partido Roldosista Ecuatoriano,Fernando Rosero,Rosero,113323,0.020764,EC,2006-10-15T00:00:00Z,0.525467791075426,0.0109108132138901
ECUADOR,2006,MRD,MRD,Movimiento de Reivindicación Democrática,Marco Proaño Maya,Proaño,77655,0.014229,EC,2006-10-15T00:00:00Z,1,0.014229
ECUADOR,2006,MPD,MDP,Movimiento Popular Democrático,Luis Villacís,Villacís,72762,0.013332,EC,2006-10-15T00:00:00Z,,
ECUADOR,2006,CFP,CFP,Concentración de fuerzas populares,Jaime Damerval,Damerval,25284,0.004633,EC,2006-10-15T00:00:00Z,1,0.004633
ECUADOR,2006,ATR,ATR,Alianza ALBA Tercera República,Marcelo Larrea Cabrera,Larrea,23233,0.004257,EC,2006-10-15T00:00:00Z,,
ECUADOR,2006,MRPP,MRPP,Movimiento Revolucionario Participación Popular,Lenin Torres,Torres,15357,0.002814,EC,2006-10-15T00:00:00Z,1,0.002814
ECUADOR,2006,INA,INA,Integración Nacional Alfarista,Carlos Sagñay de la Bastida,Sagñay,13455,0.002465,EC,2006-10-15T00:00:00Z,,
EL SALVADOR,2019,GANA,GANA,Gran Alianza por la Unidad Nacional,Nayib Bukele,Bukele,1434856,0.531044222843337,SV,2019-02-03T00:00:00Z,0.574955579014653,0.305326838627277
EL SALVADOR,2019,ARENA,ARENA,Alianza Republicana Nacionalista,Carlos Calleja,Calleja,857044,0.317194383912075,SV,2019-02-03T00:00:00Z,0.435777198775681,0.138226080088582
EL SALVADOR,2019,FMLN,FMLN,Frente Farabundo Martí para la Liberación Nacional,Hugo Martínez,Martíez,389289,0.144076948813302,SV,2019-02-03T00:00:00Z,0.463036694922548,0.0667129141930367
EL SALVADOR,2019,VAMOS,Vamos,Vamos,Josué Alvarado,Alvarado,20763,0.00768444443128523,SV,2019-02-03T00:00:00Z,0.4784290862513,0.00367646172760869
EL SALVADOR,2014,FMLN,FMLN,Frente Farabundo Martí para la Liberación Nacional,Salvador Sanchez Ceren,Sancez,1315768,0.489327,SV,2014-02-02T00:00:00Z,0.489856244537954,0.239699886571024
EL SALVADOR,2014,ARENA,ARENA,Alianza Republicana Nacionalista,Norman Quijano,Quijano,1047592,0.389594,SV,2014-02-02T00:00:00Z,0.466784634376381,0.181856492845232
EL SALVADOR,2014,UNIDAD,Unidad,Movimiento Unidad,Antonio Saca,Saca,307603,0.114396,SV,2014-02-02T00:00:00Z,0.510457636797581,0.0583943118190961
EL SALVADOR,2014,PSP,PSP,Partido Salvadoreño Progresista,René Rodriguez Hurtado,Rodriguez,11314,0.004208,SV,2014-02-02T00:00:00Z,0,0
EL SALVADOR,2014,FPS,FPS,Fraternidad Patriota Salvadoreña,Óscar Lemus,Lemus,6659,0.002476,SV,2014-02-02T00:00:00Z,0,0
EL SALVADOR,2009,FMLN,FMLN,Frente Farabundo Martí para la Liberación Nacional,Mauricio Funes,Funes,1354000,0.513153,SV,2009-03-15T00:00:00Z,0.511055835125193,0.262249834961998
EL SALVADOR,2009,ARENA,ARENA,Alianza Republicana Nacionalista,Rodrigo Avila,Avila,1284588,0.486847,SV,2009-03-15T00:00:00Z,0.639546806611879,0.311361444158574
EL SALVADOR,2004,ARENA,ARENA,Alianza Republicana Nacionalista,Antonio Saca,Saca,1314436,0.577147,SV,2004-03-21T00:00:00Z,0.569912977738971,0.328923565363114
EL SALVADOR,2004,FRENTE,FMLN,Frente Farabundo Martí para la Liberación Nacional,Schafik Jorge Handal,Handal,812519,0.356763,SV,2004-03-21T00:00:00Z,0,0
EL SALVADOR,2004,CDU-PDC,PDC,Centro Democrático Unido,Héctor Silva Argüello,Silva,88737,0.038963,SV,2004-03-21T00:00:00Z,,
EL SALVADOR,2004,PCN,PCN,Partido de Conciliación Nacional,José Rafael Machuca,Machuca,61781,0.027127,SV,2004-03-21T00:00:00Z,,
GUATEMALA,2019,VAMOS,Vamos,Vamos,Alejandro Giammattei,Giammattei,614025,0.139590665902208,GT,2019-06-16T00:00:00Z,0.41095066535128,0.0573648770293405
GUATEMALA,2019,UNE,UNES,Unidad Nacional de la Esperanza,Sandra Torres,Torres,1122909,0.255278881246826,GT,2019-06-16T00:00:00Z,0.547606028915939,0.139792254425678
GUATEMALA,2019,PHG,PHG,Partido Humanista de Guatemala,Edmond Mulet,Mulet,493349,0.112156533418327,GT,2019-06-16T00:00:00Z,0.596059820472585,0.0668520031741556
GUATEMALA,2019,MLP,MLP,Movimiento para la Liberación de los Pueblos,Thelma Cabrera,Cabrera,456114,0.103691636313374,GT,2019-06-16T00:00:00Z,0.591100362616694,0.0612921638251538
GUATEMALA,2019,PAN,PAN,Partido Avanzada Nacional,Roberto Arzú,Arzú,267446,0.0608003993858261,GT,2019-06-16T00:00:00Z,0.485849622551783,0.0295398510926013
GUATEMALA,2019,VIVA,VIVA,Visión con Valores,Isaac Franchi,Franchi,259606,0.0590180764825676,GT,2019-06-16T00:00:00Z,0,0
GUATEMALA,2019,WINAQ,WINAQ,Movimiento Político WINAQ,Manuel Villacorta,Cillacorta,229734,0.0522270624817846,GT,2019-06-16T00:00:00Z,1,0.0522270624817846
GUATEMALA,2019,FCN,FCN,Frente de Convergencia Nacional,Estuardo Galdámez,Galdámez,181093,0.0411691583571166,GT,2019-06-16T00:00:00Z,0.476957456569109,0.0196359370591012
GUATEMALA,2019,CREO,CREO,"Compromiso, Renovación y Orden",Julio Héctor Estrada,Estrada,165085,0.0375299459801571,GT,2019-06-16T00:00:00Z,1,0.0375299459801571
GUATEMALA,2019,,Todos,Todos,Fredy Cabrera,Cabrera,137800,0.0313270530700285,GT,2019-06-16T00:00:00Z,0.335703267016563,0.0105165940616098
GUATEMALA,2019,,Victoria,Victoria,Amílcar Rivera,Rivera,111782,0.0254121962719443,GT,2019-06-16T00:00:00Z,0.425470203110326,0.0108121323093036
GUATEMALA,2019,URNG-MAIZ,URNG,Unidad Revolucionaria Nacional Guatemalteca,Pablo Ceto,Ceto,94838,0.0215601963646978,GT,2019-06-16T00:00:00Z,0.482674621579322,0.0104065596215064
GUATEMALA,2019,,Unionista,Partido Unionista,Pablo Duarte,Duarte,63069,0.0143379238757157,GT,2019-06-16T00:00:00Z,0.522527385637145,0.00749195787824213
GUATEMALA,2019,,Encuentro por Guatemala,Encuentro por Guatemala,Manfredo Marroquín,Marroquín,50416,0.0114614274860563,GT,2019-06-16T00:00:00Z,0.318948899911155,0.00365560968808913
GUATEMALA,2019,,Libre,Libre,Anibal García,García,41692,0.00947813858197117,GT,2019-06-16T00:00:00Z,0.294015403620515,0.00278671874074942
GUATEMALA,2019,CPO-CRD,Convergencia,Convergencia,Benito Morales,Morales,37736,0.00857879299456164,GT,2019-06-16T00:00:00Z,0.425526789704323,0.00365050624251375
GUATEMALA,2019,,Unidos,Unidos,Luis Velásquez,Velázquez,26972,0.00613173639626131,GT,2019-06-16T00:00:00Z,0,0
GUATEMALA,2019,PPT,PPT,Partido Productividad y Trabajo,José Luis Chea Urrela,Chea,23899,0.00543312947257337,GT,2019-06-16T00:00:00Z,0,0
GUATEMALA,2019,,Avanza,Avanza,Danilo Roca,Roca,21189,0.00481704591800314,GT,2019-06-16T00:00:00Z,0.494981670027138,0.0023843494330906
GUATEMALA,2015,FCN-Nación,FCN Nacion,Frente de Convergencia Nacional,Jimmy Morales,Morales,1167030,0.238461,GT,2015-09-06T00:00:00Z,0.682233167209039,0.162686003285835
GUATEMALA,2015,UNE,UNE,Unidad Nacional de la Esperanza,Sandra Torres Casanova,Torres,967242,0.197638,GT,2015-09-06T00:00:00Z,0.460871206210162,0.091085663452964
GUATEMALA,2015,LIDER,LIDER,Libertad Democratica Renovada,Manuel Baldizón,Baldizón,961284,0.196421,GT,2015-09-06T00:00:00Z,1,0.196421
GUATEMALA,2015,Fuerza,Fuerza,FUERZA,Alejandro Giammattei,Giammattei,315774,0.064523,GT,2015-09-06T00:00:00Z,0.50559773260674,0.0326226825009847
GUATEMALA,2015,Viva,VIVA,Vision con Valores,Zury Ríos,Ríos,288421,0.058933,GT,2015-09-06T00:00:00Z,0.481447722881741,0.0283731586525896
GUATEMALA,2015,Todos,Todos,Partido Todos,Lizardo Sosa,Sosa,260801,0.05329,GT,2015-09-06T00:00:00Z,0.388593696349733,0.0207081580784773
GUATEMALA,2015,PP,PP,Partido Patriota,Mario David García Velásquez,García,226372,0.046255,GT,2015-09-06T00:00:00Z,0,0
GUATEMALA,2015,CREO,CREO,Compromiso Renovacion y Orden,Roberto González Diaz Durán,González,168715,0.034474,GT,2015-09-06T00:00:00Z,,
GUATEMALA,2015,UCN,UCN,Union del Cambio Nacional,Mario Estrada Orellana,Estrada,168664,0.034463,GT,2015-09-06T00:00:00Z,1,0.034463
GUATEMALA,2015,PAN,PAN,Partido de Avanzada Nacional,Juan Guillermo Gutiérrez,Gutiérrez,151655,0.030988,GT,2015-09-06T00:00:00Z,0.47502782093486,0.0147201621151294
GUATEMALA,2015,WINAQ,WINAQ,Winaq,Miguel Ángel Sandoval,Sandoval,103300,0.021107,GT,2015-09-06T00:00:00Z,0,0
GUATEMALA,2015,EG,Encuentro por Guatemala,Encuentro por Guatemala,José Ángel López,López,44360,0.009064,GT,2015-09-06T00:00:00Z,0,0
GUATEMALA,2015,PRI,PRI,Partido Republicano Institutiocional,Luis Fernando Pérez,Pérez,41964,0.008575,GT,2015-09-06T00:00:00Z,,
GUATEMALA,2015,MNR,MNR,Movimiento Nueva República,Aníbal García,García,28427,0.005809,GT,2015-09-06T00:00:00Z,,
GUATEMALA,2011,PP,PP,Partido Patriotico,Otto Perez Molina,Perez Molina,1611493,0.360146,GT,2011-09-11T00:00:00Z,1,0.360146
GUATEMALA,2011,LIDER,LIDER,Libertad Democratica Renovada,Manuel Baldizon,Baldizón,1038287,0.232043,GT,2011-09-11T00:00:00Z,1,0.232043
GUATEMALA,2011,CREO,CREO,Compromiso Renovacion y Orden,Eduardo Suger,Suger,732842,0.16378,GT,2011-09-11T00:00:00Z,1,0.16378
GUATEMALA,2011,UCN,UCN,Union del Cambio Nacional,Mario Estrada,Estrada,383643,0.085739,GT,2011-09-11T00:00:00Z,1,0.085739
GUATEMALA,2011,VIVA,VIVA,Encuentro por Guatemala,Harold Caballeros,Caballeros,275475,0.061565,GT,2011-09-11T00:00:00Z,0.595605631788612,0.0366684607210659
GUATEMALA,2011,WINAQ,WINAQ,Winaq,Rigoberta Menchu Tum,Menchu,146353,0.032708,GT,2011-09-11T00:00:00Z,0.436129050069973,0.0142649089696887
GUATEMALA,2011,PAN,PAN,Partido de Avanzada Nacional,Juan Gutierrez,Gutierrez,123648,0.027634,GT,2011-09-11T00:00:00Z,0.525283870419679,0.0145156944751774
GUATEMALA,2011,PUNTO,PUNTO,Partido Unionista,Patricia de Arzu,De Arzu,97381,0.021763,GT,2011-09-11T00:00:00Z,0.411396472178216,0.00895322142401451
GUATEMALA,2011,CASA,CASA,Centro de Acción Social,Alejandro Giammettei,Giammettei,46395,0.010369,GT,2011-09-11T00:00:00Z,,
GUATEMALA,2011,ADN,ADN,Accion de Desarrollo Nacional,Adela de Torrebiarte,De Torrebiarte,19038,0.004255,GT,2011-09-11T00:00:00Z,1,0.004255
GUATEMALA,2007,UNE,UNE,Unidad Nacional de la Esperanza,Alvaro Colom,Colom,926244,0.282339,GT,2007-09-09T00:00:00Z,0.457894101787161,0.129281362804485
GUATEMALA,2007,PP,PP,Partido Patriota,Otto Perez Molina,Perez Molina,771175,0.235071,GT,2007-09-09T00:00:00Z,0.404291041567784,0.0950370994323805
GUATEMALA,2007,GANA,GANA,Gran Alianza Nacional,Alejandro Giammattei,Giammattei,565270,0.172306,GT,2007-09-09T00:00:00Z,0.531784545677481,0.091629667927504
GUATEMALA,2007,CASA,CASA,Centro de Acción Social,Eduardo Suger,Suger,244448,0.074513,GT,2007-09-09T00:00:00Z,1,0.074513
GUATEMALA,2007,FRG,FRG,Frente Republicano Guatemalteco,Luis Rabbe,Rabbe,239208,0.072916,GT,2007-09-09T00:00:00Z,0.506810351942866,0.036954583622266
GUATEMALA,2007,UCN,UCN,Union del Cambio Nacionalista,Mario Estrada,Estrada,103603,0.03158,GT,2007-09-09T00:00:00Z,1,0.03158
GUATEMALA,2007,EG,EG,Encuentro por Guatemala,Rigoberta Menchu,Menchu,101316,0.030883,GT,2007-09-09T00:00:00Z,0.438609875391872,0.0135455887817272
GUATEMALA,2007,PU,PU,Partido Unionista,Fritz Garcia Gallont,Gracía Gallont,95743,0.029185,GT,2007-09-09T00:00:00Z,0.50262838675842,0.0146692094675445
GUATEMALA,2007,PAN,PAN,Partido de Avanzada Nacional,Oscar Castañeda,Castañeda,83826,0.025552,GT,2007-09-09T00:00:00Z,0.306786424331198,0.00783900671451078
GUATEMALA,2007,URNG-Maiz,URNG-Maiz,Unidad Revolutionaria Nacional Guatemalteca,Miguel Angel Sandoval Vasquez,Sandoval,70080,0.021362,GT,2007-09-09T00:00:00Z,,
GUATEMALA,2007,UD,UD,Union Democratica,Manuel Conde Orellana,Conde Orellana,24971,0.007612,GT,2007-09-09T00:00:00Z,1,0.007612
GUATEMALA,2007,ANN,ANN,Alianza Nueva Nacion,Pablo Monsanto,Monsanto,19377,0.005907,GT,2007-09-09T00:00:00Z,0.489696420922762,0.00289263675839075
GUATEMALA,2007,DIA,DIA,Desarrollo Integral Auténtico,Hector Augusto Rosales,Rosales,18819,0.005736,GT,2007-09-09T00:00:00Z,,
GUATEMALA,2007,DCG,DCG,Democracia Cristiana Guatemalteca,Marco Cerezo,Cerezo,16529,0.005038,GT,2007-09-09T00:00:00Z,1,0.005038
HONDURAS,2021,LIBRE,Libre,Partido Libertad y Refundación,Xiomara Castro,Castro,1716793,0.511246546734075,HN,2021-11-28T00:00:00Z,0.53336077941064,0.272678856637084
HONDURAS,2021,PNH,PNH,Partido Nacional de Honduras,Nasry Asfura,Asfura,1240260,0.369339018770698,HN,2021-11-28T00:00:00Z,0.473456202247169,0.174865849168871
HONDURAS,2021,PLH,PLH,Partido Liberal de Honduras,Yani Rosenthal,Rosenthal,335762,0.0999871056234074,HN,2021-11-28T00:00:00Z,0.496080431849919,0.0496016465370834
HONDURAS,2021,HH,Honduras Humana,Honduras Humana,Milton Omar Ávila,Ávila,8857,0.00263754026514769,HN,2021-11-28T00:00:00Z,0,0
HONDURAS,2021,DC,Demócrata Cristiano,Partido Demócrata Cristiano de Honduras,Carlos Mauricio Portillo,Portillo,7103,0.00211521378608378,HN,2021-11-28T00:00:00Z,,
HONDURAS,2021,APH,APH,Alianza Patriótica Hondureña,Romeo Vásquez Velásquez,Vásquez,6556,0.00195232177693443,HN,2021-11-28T00:00:00Z,,
HONDURAS,2021,El Frente,El Frente,Partido Frente Amplio,Kelin Pérez Gómez,Pérez,6053,0.00180253259850276,HN,2021-11-28T00:00:00Z,0,0
HONDURAS,2021,PNR,PNR,Partido Nueva Ruta,Esdras Amado López,Amado,5911,0.00176024619027752,HN,2021-11-28T00:00:00Z,,
HONDURAS,2021,UNOH,UNOH,Unión Opositora de Honduras,Alexander Mira,Mira,5711,0.00170068786883352,HN,2021-11-28T00:00:00Z,,
HONDURAS,2021,TSH,TSH,Partido Todos Somos Honduras,Marlon Oniel Escoto,Oniel,5382,0.00160271443005813,HN,2021-11-28T00:00:00Z,0,0
HONDURAS,2021,UD,UD,Unificación Democrática,Alfonso Díaz Narváez,Díaz,5081,0.00151307915628491,HN,2021-11-28T00:00:00Z,,
HONDURAS,2021,PAC,PAC,Partido Anticorrupción,Julio César López,López,4181,0.00124506670978689,HN,2021-11-28T00:00:00Z,0,0
HONDURAS,2021,Vamos,Vamos,Partido Va Movimiento Solidario,José Ramón Coto,Coto,3768,0.00112207877600502,HN,2021-11-28T00:00:00Z,,
HONDURAS,2021,Lidehr,Lidehr,Partido Liberación Democrático de Honduras,Lempira Viana,Viana,3361,0.00100087759186648,HN,2021-11-28T00:00:00Z,1,0.00100087759186648
HONDURAS,2021,MIDE,MIDE,Movimiento Independiente Dignidad y Esperanza,Santos Orlando Orellana,Orellana,3274,0.000974969722038336,HN,2021-11-28T00:00:00Z,,
HONDURAS,2017,PNH,PNH,Partido Nacional,Juan Orlando Hernandez,Hernández,1410888,0.429532767640555,HN,2017-11-11T00:00:00Z,0.383631503410789,0.164782301414143
HONDURAS,2017,Libre-PINU-SD,Libre-PINU,Alianza de Oposición contra la Dictadura,Salvador Nasralla,Nasralla,1360442,0.414174914999951,HN,2017-11-11T00:00:00Z,0.454705781424066,0.188327728371299
HONDURAS,2017,PLH,PLH,Partido Liberal de Honduras,Luis Orlando Zelaya,Zelaya,484187,0.14740658519002,HN,2017-11-11T00:00:00Z,0,0
HONDURAS,2017,Alianza,Alianza Patriótica,Alianza Patriótica,Romeo Vásquez Velásquez,Vásquez,6517,0.00198404483326352,HN,2017-11-11T00:00:00Z,,
HONDURAS,2017,PAC,PAC,Partido Anti Corrupcion,Marlene Alvarenga,Alvarenga,5983,0.00182147310686138,HN,2017-11-11T00:00:00Z,1,0.00182147310686138
HONDURAS,2017,DC,Demócrata Cristiano,Partido Demócrata Cristiano,Lucas Aguilera,Aguilera,5900,0.00179620446773895,HN,2017-11-11T00:00:00Z,,
HONDURAS,2017,PUD,PUD,Unificación Democrática,Alfonso Diaz Narvaez,Diaz,4633,0.00141047716932789,HN,2017-11-11T00:00:00Z,,
HONDURAS,2017,FA,FA,Frente Amplio,Isaias Fonseca,Fonseca,3151,0.000959294962346683,HN,2017-11-11T00:00:00Z,0.50721851944001,0.000486572170507745
HONDURAS,2017,Vamos,Vamos,Va Movimiento Solidario,Eliseo Vallecillo,Vallencio,3003,0.000914237629935605,HN,2017-11-11T00:00:00Z,,
HONDURAS,2013,PNH,PNH,Partido Nacional,Juan Orlando Hernandez,Hernández,1149302,0.368904,HN,2013-11-24T00:00:00Z,0.506763322055975,0.186947016559737
HONDURAS,2013,Libre,Libre,Partido Libertad y Refundacion,Xiamora Castro,Castro,896498,0.287759,HN,2013-11-24T00:00:00Z,0,0
HONDURAS,2013,PLH,PLH,Partido Liberal de Honduras,Mauricio Villeda,Villeda,632320,0.202963,HN,2013-11-24T00:00:00Z,0.45771957948488,0.0929001390109896
HONDURAS,2013,PAC,PAC,Partido Anti Corrupcion,Salvador Nasralla,Nasralla,418443,0.134312,HN,2013-11-24T00:00:00Z,1,0.134312
HONDURAS,2013,Alianza,APH,Alianza Patriótica,Romeo Vásquez Velásquez,Vásquez,6105,0.00196,HN,2013-11-24T00:00:00Z,,
HONDURAS,2013,DC,Demócrata Cristiano,Partido Demócrata Cristiano,Orle Solís,Solís,5194,0.001667,HN,2013-11-24T00:00:00Z,,
HONDURAS,2013,PINU,PINU,Partido de Inovación y Unidad Social,Jorge Aguilar Paredes,Aguilar,4468,0.001434,HN,2013-11-24T00:00:00Z,,
HONDURAS,2013,PUD,PUD,Unificación Democrática,Andrés Pavón,Pavón,3118,0.001001,HN,2013-11-24T00:00:00Z,,
HONDURAS,2009,PNH,PNH,Partido Nacional,Porfirio Lobo,Lobo,1213695,0.565558,HN,2009-11-29T00:00:00Z,0.484927661399217,0.274254718325618
HONDURAS,2009,PLH,PLH,Partido Liberal de Honduras,Elvin Santos,Santos,817524,0.38095,HN,2009-11-29T00:00:00Z,0.55275401422955,0.210571641720747
HONDURAS,2009,PINU,PINU,Partido de Inovación y Unidad Social,Bernard Martínez,Martínez,39960,0.018621,HN,2009-11-29T00:00:00Z,,
HONDURAS,2009,DC,Demócrata Cristiano,Partido Demócrata Cristiano de Honduras,Felicito Ávila,Ávila,38413,0.0179,HN,2009-11-29T00:00:00Z,,
HONDURAS,2009,PUD,PUD,Partido de Unificación Democrática,César Ham,Ham,36420,0.016971,HN,2009-11-29T00:00:00Z,,
HONDURAS,2005,PLH,PLH,Partido Liberal de Honduras,Manuel Zelaya,Selaya,999006,0.499027,HN,2005-11-27T00:00:00Z,0.447026347755264,0.223078217241266
HONDURAS,2005,PNH,PNH,Partido Nacional de Honduras,Porfirio Lobo,Lobo,925243,0.462181,HN,2005-11-27T00:00:00Z,0.571651759916128,0.264206582049796
HONDURAS,2005,PUD,PUD,Unificación Democrática,Juan Ángel Almendares,Almendares,29754,0.014863,HN,2005-11-27T00:00:00Z,,
HONDURAS,2005,DC,Demócrata Cristiano,Partido Demócrata Cristiano de Honduras,Juan Ramón Martínez,Martínez,27812,0.013893,HN,2005-11-27T00:00:00Z,,
HONDURAS,2005,PINU-SD,PINU,Partido de Inovación y Unidad Social Democracia,Carlos Sosa Coello,Sosa,20093,0.010037,HN,2005-11-27T00:00:00Z,1,0.010037
MEXICO,2018,MORENA,MORENA,Movimiento Regeneración Nacional,Andrés Manuel López Obrador,López Obrador,30113483,0.547120832113234,MX,2018-07-01T00:00:00Z,1,0.547120832113234
MEXICO,2018,PAN,PAN,Partido Accion Nacional,Ricardo Anaya,Anaya,12610120,0.229108647028566,MX,2018-07-01T00:00:00Z,0.701357932724837,0.16068716704934
MEXICO,2018,PRI,PRI,Partido Revolucionario Institucional,José Antonio Meade,Meade,9289853,0.168783933215883,MX,2018-07-01T00:00:00Z,0.247497544857084,0.0417736090822531
MEXICO,2018,,Independiente,Independiente,Jaime Rodriguez Calderon,Calderón,2961732,0.0538106228474598,MX,2018-07-01T00:00:00Z,1,0.0538106228474598
MEXICO,2018,,Independiente,Independiente,Margarita Zavala,Zavala,32743,0.000594895562425762,MX,2018-07-01T00:00:00Z,1,0.000594895562425762
MEXICO,2012,PRI,PRI,Partido Revolucionario Institucional,Enrique Peña Nieto,Peña Nieto,19226784,0.391728,MX,2012-07-01T00:00:00Z,0.681072576766414,0.266795198351554
MEXICO,2012,PRD,PRD,Partido Revolucionario Democratico,Andrés Manuel López Obrador,López Obrador,15896999,0.323887,MX,2012-07-01T00:00:00Z,0.570326541087252,0.184721352413127
MEXICO,2012,PAN,PAN,Partido Accion Nacional,Josefina Vazquez Mota,Vazquez,12786647,0.260516,MX,2012-07-01T00:00:00Z,0.529614712804189,0.137973106520896
MEXICO,2012,PANAL,PANAL,Partido Nueva Alianza,Gabriel Quadri,Quadri,1150662,0.023444,MX,2012-07-01T00:00:00Z,0.466648853066792,0.0109401157112979
MEXICO,2006,PAN,PAN,Partido Acción Nacional,Felipe Calderón,Calderón,15000284,0.366874,MX,2006-07-02T00:00:00Z,0.415970283525087,0.152608681797983
MEXICO,2006,PRD/PT/PC,Alianza por el Bien de Todos,Alianza por el Bien de Todos,Andrés Manuel López Obrador,López Obrador,14756350,0.360908,MX,2006-07-02T00:00:00Z,0.513826054127087,0.185443933542899
MEXICO,2006,PRI/PVEM,Alianza por México,Alianza por México,Roberto Madrazo,Madrazo,9301441,0.227493,MX,2006-07-02T00:00:00Z,0.828706404530552,0.188524906085869
MEXICO,2006,PASC,PASC,Partido Alternativa Socialdemócrata y Campesina,Patricia Mercado,Mercado,1128850,0.027609,MX,2006-07-02T00:00:00Z,1,0.027609
MEXICO,2006,PANAL,PANAL,Partido Nueva Alianza,Roberto Campa,Campa,401804,0.009827,MX,2006-07-02T00:00:00Z,0.642556386479749,0.00631440160993649
NICARAGUA,2021,FSLN,FSLN,Frente Sandinista de Liberación Nacional,Daniel Ortega,Ortega,2053342,0.759174105863671,NI,2021-11-07T00:00:00Z,0.496859611268748,0.377202951124723
NICARAGUA,2021,PLC,PLC,Partido Liberal Constitucionalista,Walter Espinoza,Espinoza,382739,0.14150859335861,NI,2021-11-07T00:00:00Z,0.52443678709202,0.0742123120469008
NICARAGUA,2021,CCN,CCN,Camino Cristiano Nicaragüense,Guillermo Osorno,Osorno,89311,0.0330206066835385,NI,2021-11-07T00:00:00Z,1,0.0330206066835385
NICARAGUA,2021,APRE,APRE,Alianza por la República,Gerson Gutiérrez,Gutierrez,85192,0.0314977049253061,NI,2021-11-07T00:00:00Z,,
NICARAGUA,2021,PLI,PLI,Partido Liberal Independiente,Mauricio Orué,Orué,48153,0.017803420336044,NI,2021-11-07T00:00:00Z,0,0
NICARAGUA,2021,ALN,ALN,Alianza Liberal Nicaragüense,Marcelo Montiel,Montiel,45968,0.0169955688328302,NI,2021-11-07T00:00:00Z,,
NICARAGUA,2016,FSLN,FSLN,Frente Sandinista de Liberación Nacional,Daniel Ortega,Ortega,1806651,0.724415804377167,NI,2016-11-06T00:00:00Z,0.457928624825367,0.331730733100198
NICARAGUA,2016,PLC,PLC,Partido Liberal Constitucionalista,Maximino Rodriguez,Rodríguez,374898,0.150323463817523,NI,2016-11-06T00:00:00Z,0.562741543746836,0.0845932580900443
NICARAGUA,2016,PLI,PLI,Partido Liberal Independiente,Jose Alvarado,Alvarado,112562,0.0451341691186082,NI,2016-11-06T00:00:00Z,0.481972707306859,0.0217534376821412
NICARAGUA,2016,ALN,ALN,Alianza Liberal Nicaragüense,Saturnino Cerrato,Cerrato,107392,0.0430611457684261,NI,2016-11-06T00:00:00Z,1,0.0430611457684261
NICARAGUA,2016,PC,PC,Partido Conservador,Erick Cabezas,Cabezas,57437,0.0230306077687452,NI,2016-11-06T00:00:00Z,1,0.0230306077687452
NICARAGUA,2016,APRE,APRE,Alianza por la Republica,Carlos Canales,Canales,35002,0.0140348091495311,NI,2016-11-06T00:00:00Z,,
NICARAGUA,2011,FSLN,FSLN,Frente Sandinista de Liberación Nacional,Daniel Ortega,Ortega,1569287,0.624571,NI,2011-11-06T00:00:00Z,0.537954623584242,0.335990857206634
NICARAGUA,2011,PLI,PLI,Partido Liberal Independiente,Fabio Gadea Mantilla,Gadea,778889,0.309995,NI,2011-11-06T00:00:00Z,0.536942049061854,0.166449350498929
NICARAGUA,2011,PLC,PLC,Partido Liberal Constitucionalista,Arnoldo Aleman,Aleman,148507,0.059105,NI,2011-11-06T00:00:00Z,0.472078249333738,0.0279021849268706
NICARAGUA,2011,ALN,ALN,Alianza Liberal Nicaragüense,Enrique Quiñonez,Quiñonez,10003,0.003981,NI,2011-11-06T00:00:00Z,1,0.003981
NICARAGUA,2011,APRE,APRE,Alianza por la Republica,Miguel Angel Garcia,García,5898,0.002347,NI,2011-11-06T00:00:00Z,,
NICARAGUA,2006,FSLN,FSLN,Frente Sandinista de Liberación Nacional,Daniel Ortega,Ortega,930802,0.379944,NI,2006-11-05T00:00:00Z,0.460137836500881,0.174826610151491
NICARAGUA,2006,ALN,ALN,Alianza Liberal Nicaragüense,Eduardo Montealegre,Montealegre,693391,0.283035,NI,2006-11-05T00:00:00Z,1,0.283035
NICARAGUA,2006,PLC,PLC,Partido Liberal Constitucionalista,José Rizo Castellón,Castellón,664225,0.27113,NI,2006-11-05T00:00:00Z,0.534488833890656,0.144915957532774
NICARAGUA,2006,MRS,MRS,Movimiento de Renovación Sandinista,Edmundo Jarquín,Jarquín,154224,0.062953,NI,2006-11-05T00:00:00Z,,
NICARAGUA,2006,AC,AC,Alternativa por el Cambio,Edén Pastora,Pastora,7200,0.002939,NI,2006-11-05T00:00:00Z,1,0.002939
PANAMA,2019,PRD,PRD,Partido Revolucionario Democrático,Laurentino Cortizo,Cortizo,655302,0.333519780823256,PA,2019-05-05T00:00:00Z,0.581319269690665,0.193881475415566
PANAMA,2019,CD,CD,Cambio Democrático,Rómulo Roux,Roux,609033,0.309970902994544,PA,2019-05-05T00:00:00Z,0.503363361162905,0.156027995594034
PANAMA,2019,,Independiente,Independiente,Ricardo Lombana,Lombana,368962,0.187785365178361,PA,2019-05-05T00:00:00Z,1,0.187785365178361
PANAMA,2019,,Panameñista,Partido Panameñista,José Isabel Blandón,Blandón,212931,0.108372476278841,PA,2019-05-05T00:00:00Z,0.520778224462099,0.0564380257770555
PANAMA,2019,,Independiente,Independiente,Ana Matilde Gómez,Gómez,93631,0.0476540443921464,PA,2019-05-05T00:00:00Z,1,0.0476540443921464
PANAMA,2019,FAD,FAD,Frente Amplio por la Democracia,Saúl Méndez,Méndez,13540,0.00689126209342699,PA,2019-05-05T00:00:00Z,0.44046441888269,0.00303535575334963
PANAMA,2019,,Independiente,Independiente,Marco Armeglio,Armeglio,11408,0.00580616823942504,PA,2019-05-05T00:00:00Z,1,0.00580616823942504
PANAMA,2014,,Panameñista,Partido Panameñista,Juan Carlos Varela,Varela,724762,0.390875,PA,2014-05-04T00:00:00Z,0.734171479354579,0.286969276992721
PANAMA,2014,CD,CD,Cambio Democratico,Jose Domingo Arias,Arias,581828,0.313789,PA,2014-05-04T00:00:00Z,0.506325458586177,0.158879359324298
PANAMA,2014,PRD,PRD,Partido Revolucionario Democrática,Juan Carlos Navarro,Navarro,521842,0.281438,PA,2014-05-04T00:00:00Z,1,0.281438
PANAMA,2014,FAD,FAD,Frente Amplio por la Democracia,Genaro López,López,11127,0.006001,PA,2014-05-04T00:00:00Z,0,0
PANAMA,2014,,Independiente,Independiente,Juan Jované,Jované,10805,0.005827,PA,2014-05-04T00:00:00Z,1,0.005827
PANAMA,2014,,Independiente,Independiente,Esteban Rodríguez,Rodríguez,2240,0.001208,PA,2014-05-04T00:00:00Z,1,0.001208
PANAMA,2014,,Independiente,Independiente,Gerardo Barroso,Barroso,1598,0.000862,PA,2014-05-04T00:00:00Z,1,0.000862
PANAMA,2009,CD,CD,Cambio Democrático,Ricardo Martinelli,Martinelli,952333,0.600301,PA,2009-05-03T00:00:00Z,0.573444738670193,0.344239450068455
PANAMA,2009,PRD,PRD,Partido Revolucionario Democrática,Balbina Herrera,Herrera,597227,0.37646,PA,2009-05-03T00:00:00Z,1,0.37646
PANAMA,2009,VMP,Vanguardia Moral,Vanguardia Moral de la Patria,Guillermo Endara,Endara,36867,0.023239,PA,2009-05-03T00:00:00Z,0.584508123515688,0.0135833842823811
PANAMA,2004,PRD,PRD,Partido Revolucionario Democrática,Martín Torrijos,Torrijos,711164,0.474411,PA,2004-05-02T00:00:00Z,1,0.474411
PANAMA,2004,PS,PS,Partido Solidaridad,Guillermo Endara,Endara,462824,0.308746,PA,2004-05-02T00:00:00Z,1,0.308746
PANAMA,2004,PA,Arnulfista,Partido Arnulfista,José Miguel Alemán,Alemán,245568,0.163816,PA,2004-05-02T00:00:00Z,0,0
PANAMA,2004,CD,CD,Cambio Democrático,Ricardo Martinelli,Martinelli,79491,0.053028,PA,2004-05-02T00:00:00Z,0.497927301796795,0.0264040889596804
PARAGUAY,2018,ANR,Partido Colorado,Partido Colorado,Mario Abdo,Abdo,1206067,0.489586314427664,PY,2018-04-22T00:00:00Z,0.411190545022837,0.201313263465233
PARAGUAY,2018,PLRA,Partido Liberal,Partido Liberal Radical Auténtico,Efrain Alegre,Alegre,1110464,0.450777591182415,PY,2018-04-22T00:00:00Z,0.506334519777461,0.228244255157789
PARAGUAY,2018,PVP,Partido Verde,Partido Verde Paraguay,Juan Bautista Ybañez,Ybañez,84045,0.0341169120754262,PY,2018-04-22T00:00:00Z,0.540401626399168,0.0184368347732777
PARAGUAY,2018,MNAPY,Artistas,Movimiento Nacional Artistas del Paraguay,Jaro Anzoategui,Anzoategui,15490,0.00628795250221134,PY,2018-04-22T00:00:00Z,0.537216987709159,0.00337799490209625
PARAGUAY,2018,PPL,Patria Libre,Partido Patria Libre,Atanasio Galeano,Galeano,9908,0.00402201635841898,PY,2018-04-22T00:00:00Z,0.52700344487264,0.00211961647622091
PARAGUAY,2018,,Reserva Patriótica,Movimiento Reserva Patriotica,Ramon Benitez,Benitez,9361,0.0037999692300323,PY,2018-04-22T00:00:00Z,0.531263614296076,0.00201878538736084
PARAGUAY,2018,,Frente Amplio,Frente Amplio,Pedro Almada,Almada,8590,0.00348699238179441,PY,2018-04-22T00:00:00Z,0,0
PARAGUAY,2018,,Soberanía Nacional,Movimiento Soberania Nacional,Efrain Enriquez,Enriquez,7291,0.00295968119390722,PY,2018-04-22T00:00:00Z,,
PARAGUAY,2018,,Unamonos,Movimiento Civico Nacional Unamonos,Celina Ferreira,Ferreira,6295,0.00255536868956878,PY,2018-04-22T00:00:00Z,,
PARAGUAY,2018,,Herederos,Partido Socialista Democratico Herederos,Justo German Ortega,Ortega,5930,0.00240720195856122,PY,2018-04-22T00:00:00Z,,
PARAGUAY,2013,ANR,Partido COlorado,Partido Colorado,Horacio Cartes,Cartes,1104169,0.484766,PY,2013-04-21T00:00:00Z,0.394871249534912,0.191420156152041
PARAGUAY,2013,APE,Paraguay Alegre,Alianza Paraguay Alegre,Efrain Alegre,Alegre,889451,0.390498,PY,2013-04-21T00:00:00Z,1,0.390498
PARAGUAY,2013,AP,Avanza País,Avanza Pais,Marrio Ferreiro,Ferreiro,141716,0.062218,PY,2013-04-21T00:00:00Z,0,0
PARAGUAY,2013,FG,Frente Guasu,Frente Guasu,Anibal Carrillo,Carrillo,79573,0.034935,PY,2013-04-21T00:00:00Z,0.492325401935417,0.0171993879166138
PARAGUAY,2013,PPQ,Patria Querida,Partido Patria Querida,Miguel Carrizosa,Carrizosa,27026,0.011865,PY,2013-04-21T00:00:00Z,0.492441858269644,0.00584282264836932
PARAGUAY,2013,UNACE,UNACE,Unión Nacional de Ciudadanos Éticos,Lino Oviedo Sánchez,Sánchez,19416,0.008524,PY,2013-04-21T00:00:00Z,,
PARAGUAY,2013,PHP,Humanista,Partido Humanista,Roberto Ferreira,Ferreira,4264,0.001872,PY,2013-04-21T00:00:00Z,,
PARAGUAY,2013,,Kuña Pyrenda,Movimiento Kuña Pyrenda,Lilian Soto,Soto,3925,0.001723,PY,2013-04-21T00:00:00Z,1,0.001723
PARAGUAY,2013,PT,PT,Partido de los Trabajadores,Eduardo Arce,Arce,3011,0.001322,PY,2013-04-21T00:00:00Z,,
PARAGUAY,2013,PB,Partido Blanco,Partido Blanco,Ricardo Martin Almada,Almada,2767,0.001215,PY,2013-04-21T00:00:00Z,0,0
PARAGUAY,2013,PPL,Patria Libre,Partido Patria Libre,Atanasio Galeano,Galeano,2416,0.001061,PY,2013-04-21T00:00:00Z,0.502121888473484,0.000532751323670367
PARAGUAY,2008,APC,Alianza Patriótica,Alianza Patriótica para el Cambio,Fernando Lugo,Lugo,766502,0.423992,PY,2008-04-20T00:00:00Z,1,0.423992
PARAGUAY,2008,ANR-PC,Partido Colorado,Partido Colorado,Blanca Ovelar,Ovelar,573995,0.317506,PY,2008-04-20T00:00:00Z,0.480223863293039,0.15247395793872
PARAGUAY,2008,UNACE,UNACE,Unión Nacional de Ciudadanos Eticos,Lino Oviedo,Oviedo,411034,0.227364,PY,2008-04-20T00:00:00Z,1,0.227364
PARAGUAY,2008,PPQ,Patria Querida,Partido Patria Querida,Pedro Fadul,Fadul,44060,0.024372,PY,2008-04-20T00:00:00Z,0.546683087319789,0.0133237602041579
PARAGUAY,2008,PHP,Partido Humanista,Partido Humanista Paraguayo,Sergio Martinez Estigarribia,Martínez,6744,0.00373,PY,2008-04-20T00:00:00Z,,
PARAGUAY,2008,MTP,Teta Pyahu,Movimiento Teta Pyahu,Horacio Galeano Perrone,Galeano,3080,0.001704,PY,2008-04-20T00:00:00Z,1,0.001704
PARAGUAY,2008,PT,PT,Partido de los Trabajadores,Julio Lopez,Lopez,2409,0.001333,PY,2008-04-20T00:00:00Z,1,0.001333
PERU,2021,PPNPL,Perú Libre,Perú Libre,Pedro Castillo,Castillo,2724752,0.189210610924661,PE,2021-04-11T00:00:00Z,0.768942007975364,0.145491987094654
PERU,2021,FP,Fuerza Popular,Fuerza Popular,Keiko Fujimori,Fujimori,1930762,0.13407482867069,PE,2021-04-11T00:00:00Z,0.627959497508357,0.0841935620405656
PERU,2021,,Renovación Popular,Renovación Popular,Rafael López Aliaga,Lopez,1692279,0.117514233752273,PE,2021-04-11T00:00:00Z,0.76909186848268,0.0903792416098463
PERU,2021,,Avanza País,Avanza País,Hernando de Soto,De Soto,1674201,0.116258872007683,PE,2021-04-11T00:00:00Z,0.873398179547277,0.10154028716773
PERU,2021,,Acción Popular,Acción Popular,Yonhy Lescano,Lescano,1306288,0.0907104758611255,PE,2021-04-11T00:00:00Z,0.658506048045309,0.0597333969756191
PERU,2021,,Juntos,Juntos por el Perú,Verónika Mendoza,Mendoza,1132577,0.0786477397169429,PE,2021-04-11T00:00:00Z,0.678048509584964,0.0533269826972993
PERU,2021,APP,Alianza para el progreso,Alianza para el Progreso,César Acuña,Acuña,867025,0.060207435369147,PE,2021-04-11T00:00:00Z,0.413511991214709,0.0248964964854269
PERU,2021,VN,Victoria Nacional,Victoria Nacional,George Forsyth,Forsyth,814516,0.0565611365613866,PE,2021-04-11T00:00:00Z,0.49118572264938,0.0277820227357749
PERU,2021,PP,Podemos,Podemos Perú,Daniel Urresti,Urresti,812721,0.0564364892369292,PE,2021-04-11T00:00:00Z,0.6005066416041,0.0338904866155943
PERU,2021,,Morado,Partido Morado,Julio Guzmán,Guzmán,325608,0.0226106774495283,PE,2021-04-11T00:00:00Z,0.198908888257449,0.00449746471423344
PERU,2021,PPC,PPC,Partido Popular Cristiano,Alberto Beingolea,Beingolea,286447,0.0198912825341669,PE,2021-04-11T00:00:00Z,0.549729713162269,0.0109348290419372
PERU,2021,,Somos Perú,Somos Perú,Daniel Salaverry,Salaverry,240234,0.0166821868209932,PE,2021-04-11T00:00:00Z,0.474685628011595,0.00791879432772993
PERU,2021,PNP,PNP,Partido Nacionalista Peruano,Ollanta Humala,Humala,230831,0.0160292292767747,PE,2021-04-11T00:00:00Z,0.714213645934577,0.0114482942832865
PERU,2021,UPP,UPP,Unión por el Perú,José Vega,Vega,101267,0.00703212290017867,PE,2021-04-11T00:00:00Z,0.5088231427202,0.0035781068740636
PERU,2021,RUNA,RUNA,Renacimiento Unidad Nacional,Ciro Gálvez,Gálvez,89376,0.00620639513687943,PE,2021-04-11T00:00:00Z,1,0.00620639513687943
PERU,2021,FA,Frente Amplio,Frente Amplio,Marco Arana,Arana,65300,0.00453452383680436,PE,2021-04-11T00:00:00Z,0.350468351569721,0.00158920709423843
PERU,2021,,Patria Segura,Perú Patria Segura,Rafael Santos,Santos,55644,0.00386399761677093,PE,2021-04-11T00:00:00Z,0.695244857717219,0.00268642447329158
PERU,2021,,Democracia Directa,Democracia Directa,Andrés Alcántara,Alcántara,50802,0.00352776232706486,PE,2021-04-11T00:00:00Z,0.408812086235702,0.0014421918766711
PERU,2016,FP,Fuerza Popular,Fuerza Popular,Keiko Fujimori,Fujimori,6115073,0.398632072725789,PE,2016-04-10T00:00:00Z,0.618869423246005,0.246701200935168
PERU,2016,PPK,PPK,Peruanos Por el Kambio,Pedro Pablo Kuczynski,Kuczynski,3228661,0.210471375657971,PE,2016-04-10T00:00:00Z,0.434005128670085,0.0913456564738077
PERU,2016,FA,Frente Amplio,Frente Amplio,Verónika Mendoza,Mendoza,2874940,0.187412855277816,PE,2016-04-10T00:00:00Z,0.210604762405737,0.0394700398575652
PERU,2016,AP,Acción Popular,Acción Popular,Alfredo Barnechea,Barnechea,1069360,0.0697099107876635,PE,2016-04-10T00:00:00Z,0.598646928271112,0.0417316239630879
PERU,2016,APRA,APRA,Partido Aprista Peruano,Alan García,García,894278,0.0582965882391057,PE,2016-04-10T00:00:00Z,0.484244238373219,0.0282297869716029
PERU,2016,DD,Democracia Directa,Democracia Directa,Gregorio Santos,Santos,613173,0.0399717916580048,PE,2016-04-10T00:00:00Z,0.658424627695564,0.0263184120407464
PERU,2016,FE,Frente Esperanza,Frente Esperanza,Fernando Olivera,Olivera,203103,0.0132399678412385,PE,2016-04-10T00:00:00Z,0.57486922894112,0.007611250104098
PERU,2016,PP,Perú Posible,Perú Posible,Alejandro Toledo,Toledo,200012,0.0130384703714952,PE,2016-04-10T00:00:00Z,0.495875947237208,0.00646546384598948
PERU,2016,PP,Progresando Perú,Progresando Perú,Miguel Hilario,Hilario,75870,0.00494584698460764,PE,2016-04-10T00:00:00Z,1,0.00494584698460764
PERU,2016,PPO,Orden,Partido Pólitico Orden,Antero Flores Aráoz,Flores,65673,0.00428112045630865,PE,2016-04-10T00:00:00Z,1,0.00428112045630865
PERU,2011,GP,Gana Perú,Gana Peru,Ollanta Humala,Humala,4643064,0.316994,PE,2011-04-10T00:00:00Z,0.756012228557939,0.239651340379495
PERU,2011,F2011,Fuerza 2011,Fuerza 2011,Keiko Fujimori,Fujimori,3449595,0.235513,PE,2011-04-10T00:00:00Z,0.570230944301351,0.134296800385244
PERU,2011,PPK,PPK,Alianza por el Gran Cambio,Pedro Pablo Kuczynski,Kuczynski,2711450,0.185118,PE,2011-04-10T00:00:00Z,0.473194198160132,0.0875967635750072
PERU,2011,PP,Perú Posible,Peru Posible,Alejandro Toledo,Toledo,2289561,0.156314,PE,2011-04-10T00:00:00Z,0.465960432415649,0.0728361390326198
PERU,2011,SN,Solidaridad Nacional,Alianza Solidaridad Nacional,Luis Castaneda,Castaneda,1440143,0.098322,PE,2011-04-10T00:00:00Z,0.52350994675259,0.0514725449846082
PERU,2011,PFP,Fonavista,Fonavistas del Peru,Jose Ñique de la Puente,Ñique,37011,0.002527,PE,2011-04-10T00:00:00Z,0.477106039572909,0.00120564696200074
PERU,2011,PDN,Despertar Nacional,Despertar Nacional,Ricardo Noriega,Noriega,21574,0.001473,PE,2011-04-10T00:00:00Z,0.534749256446483,0.000787685654745669
PERU,2011,PPA,Adelante,Adelante,Rafael Belaunde,Belaunde,17301,0.001181,PE,2011-04-10T00:00:00Z,0.435392231950892,0.000514198225934003
PERU,2011,PFN,Fuerza Nacional,Fuerza Nacional,Juliana Reymer,Reymer,16831,0.001149,PE,2011-04-10T00:00:00Z,0.481597064144432,0.000553355026701952
PERU,2011,JTE,JTE,"Justicia, Tecnologia, Ecologia",Humberto Pinazo,Pinazo,11275,0.00077,PE,2011-04-10T00:00:00Z,1,0.00077
PERU,2011,PDFS,Fuerza Social,Partido Descentralista Fuerza Social,Manuel Rodriguez,Rodríguez,9358,0.000639,PE,2011-04-10T00:00:00Z,0.491554485603521,0.00031410331630065
PERU,2006,UP,Union por el Perú,Unión por el Perú,Ollanta Humala,Humala,3758258,0.306162,PE,2006-04-09T00:00:00Z,0.772678064646191,0.236564661628207
PERU,2006,PAP,APRA,Partido Aprista Peruano,Alan García,Garcia,2985858,0.243239,PE,2006-04-09T00:00:00Z,0.489662662168067,0.119105056283098
PERU,2006,UN,Unidad Nacional,Unidad Nacional,Lourdes Flores,Flores,2923280,0.238142,PE,2006-04-09T00:00:00Z,0.518069162019576,0.123374026381666
PERU,2006,AF,Alianza por el Futuro,Alianza por el Futuro,Martha Chavez,Chavez,912420,0.074329,PE,2006-04-09T00:00:00Z,0.459209672546252,0.0341325957506904
PERU,2006,FC,Frente de Centro,Frente de Centro,Valentin Paniagua,Paniagua,706156,0.057526,PE,2006-04-09T00:00:00Z,0.556200596871895,0.0319959955356527
PERU,2006,RN,Restauración Nacional,Restauración Nacional,Humberto Lay Su,Lay Su,537564,0.043792,PE,2006-04-09T00:00:00Z,0,0
PERU,2006,,Concertación,Concertación Descentralista,Susana Villaran,Villaran,76106,0.0062,PE,2006-04-09T00:00:00Z,0.573443577244889,0.00355535017891831
PERU,2006,,Justicia Nacional,Justicia Nacional,Jaime Salinas,Salinas,65636,0.005347,PE,2006-04-09T00:00:00Z,0.535223650775131,0.00286184086069463
PERU,2006,,Partido Socialista,Partido Socialista,Javier Diez Canseco,Diez Canesco,60955,0.004966,PE,2006-04-09T00:00:00Z,0.459557247054363,0.00228216128887197
PERU,2006,,Alianza para el progreso,Alianza Para el Progreso,Natale Amprimo,Amprimo,49332,0.004019,PE,2006-04-09T00:00:00Z,0.529274151845586,0.00212715281626741
PERU,2006,,Con Fuerza Perú,Con Fuerza Perú,Pedro Koechlin Von Stein,Koechlin Von Stein,38212,0.003113,PE,2006-04-09T00:00:00Z,0,0
PERU,2006,,Nueva Izquierda,Movimiento Nueva Izquierda,Alberto Moreno,Moreno,33918,0.002763,PE,2006-04-09T00:00:00Z,0.486786665990897,0.00134499155813285
PERU,2006,,Avanza País,Avanza País,Ulises Humala Tasso,Humala,24518,0.001997,PE,2006-04-09T00:00:00Z,0.480011039090591,0.000958582045063911
PERU,2006,,Fuerza Democrática,Fuerza Democrática,Alberto Borea Odria,Borea,24584,0.002003,PE,2006-04-09T00:00:00Z,1,0.002003
PERU,2006,,Renacimiento Andino,Renacimiento Andino,Ciro Galvez Herrera,Herrera,22892,0.001865,PE,2006-04-09T00:00:00Z,0.482773369887607,0.000900372334840387
PERU,2006,,Progresando Perú,Progresemos Perú,Javier Felipe Espinoza,Espinoza,13965,0.001138,PE,2006-04-09T00:00:00Z,,
PERU,2006,,Reconstrucción Democrática,Reconstrucción Democrática,Jose Cardo Guardera,Guardera,11925,0.000971,PE,2006-04-09T00:00:00Z,,
PERU,2006,,Resurgimiento Peruano,Resurgimiento Peruano,Antero Asto Flores,Asto,10857,0.000884,PE,2006-04-09T00:00:00Z,0,0
PERU,2006,,Y se llama Perú,Y se llama Perú,Ricardo Wong,Wong,10539,0.000859,PE,2006-04-09T00:00:00Z,0.460278224568433,0.000395378994904284
PERU,2006,,Perú Ahora,Perú Ahora,Luis Guerrero Figueroa,Guerrero,8410,0.000685,PE,2006-04-09T00:00:00Z,0,0
URUGUAY,2019,PN,Partido Nacional,Partido Nacional,Luis Lacalle Pou,Lacalle,696452,0.296998889109219,UY,2019-10-27T00:00:00Z,0.220187073564344,0.06539531624482
URUGUAY,2019,FA,Frente Amplio,Frente Amplio,Daniel Martínez,Martínez,949376,0.404857215352894,UY,2019-10-27T00:00:00Z,0.0666565131717438,0.0269863703078457
URUGUAY,2019,PC,Partido Colorado,Partido Colorado,Ernesto Talvi,Talvi,300177,0.128009160051429,UY,2019-10-27T00:00:00Z,0.331889587268353,0.0424849072960374
URUGUAY,2019,CA,Cabildo Abierto,Cabildo Abierto,Guido Manini Rios,Manini,268736,0.114601284027693,UY,2019-10-27T00:00:00Z,0.473693731976101,0.0542859099203312
URUGUAY,2019,PERI,PERI,Partido Ecologista Radical Intrasigente,Cesar Vega,Vega,33461,0.0142692961302194,UY,2019-10-27T00:00:00Z,1,0.0142692961302194
URUGUAY,2019,PG,Partido de la Gente,Partido de la Gente,Edgardo Novick,Novick,26313,0.0112210630009403,UY,2019-10-27T00:00:00Z,0.449850294967781,0.00504779850082506
URUGUAY,2019,PI,Partido Independiente,Partido Independiente,Pablo Mieres,Mieres,23580,0.010055587183604,UY,2019-10-27T00:00:00Z,0.371726787983689,0.00373793112505107
URUGUAY,2019,UP,Unidad Popular,Unidad Popular,Gonzalo Abella,Abella,19728,0.00841291874292367,UY,2019-10-27T00:00:00Z,0.464008606438996,0.00390366670198852
URUGUAY,2019,PVA,PVA,Partido Verde Animalista,Gustavo Salle,Salle,19392,0.00826963302224127,UY,2019-10-27T00:00:00Z,0.474689765775327,0.00392551016237562
URUGUAY,2019,PD,Partido Digital,Partido Digital,Daniel Goldman,Goldman,6363,0.00271347333542292,UY,2019-10-27T00:00:00Z,0.457134541221547,0.00124042238830546
URUGUAY,2019,PT,PT,Partido de los Trabajadores,Rafael Fernández,Fernández,1387,0.000591480043412162,UY,2019-10-27T00:00:00Z,0,0
URUGUAY,2014,FA,Frente Amplio,Frente Amplio,Tabare Vázquez,Vázquez,1134187,0.49446,UY,2014-10-26T00:00:00Z,0.0844663178788555,0.0417652155383789
URUGUAY,2014,PN,Partido Nacional,Partido Nacional,Luis Lacalle Pou,Lacalle,732601,0.319385,UY,2014-10-26T00:00:00Z,0.33775702466144,0.107874527321494
URUGUAY,2014,PC,Partido Colorado,Partido Colorado,Pedro Bordaberry,Bordaberry,305699,0.133273,UY,2014-10-26T00:00:00Z,0.523108463901251,0.0697162343095115
URUGUAY,2014,PI,Partido Independiente,Partido Independiente,Pablo Mieres,Mieres,73379,0.03199,UY,2014-10-26T00:00:00Z,0.456819696988922,0.0146136621066756
URUGUAY,2014,AP,Asamblea Popular,Asamblea Popular,Gonzalo Abella,Abella,26869,0.011714,UY,2014-10-26T00:00:00Z,0.462874413653325,0.00542211088153505
URUGUAY,2014,PERI,PERI,Partido Ecologista Radical Intransigente,Cesar Vega,Vega,17835,0.007775,UY,2014-10-26T00:00:00Z,0.406782284915756,0.00316273226522
URUGUAY,2014,PT,PT,Partido de los Trabajadores,Rafael Fernandez,Fernández,3218,0.001403,UY,2014-10-26T00:00:00Z,0.426933324605875,0.000598987454422043
URUGUAY,2009,FA,Frente Amplio,Frente Amplio,José Mujica,Mujica,1093869,0.495764,UY,2009-10-25T00:00:00Z,0.264259568240551,0.131010380589208
URUGUAY,2009,PN,Partido Nacional,Partido Nacional,Luis Lacalle,Lacalle,657327,0.297914,UY,2009-10-25T00:00:00Z,0.480907578591844,0.143269100368611
URUGUAY,2009,PC,Partido Colorado,Partido Colorado,Pedro Bordaberry,Bordaberry,383912,0.173997,UY,2009-10-25T00:00:00Z,0.526254560184851,0.0915667147084836
URUGUAY,2009,PI,Partido Independiente,Partido Independiente,Pablo Mieres,Mieres,56156,0.025451,UY,2009-10-25T00:00:00Z,0.42316199934429,0.0107698960453115
URUGUAY,2009,AP,Asamblea Popular,Asamblea Popular,Raúl Rodríguez,Rodríguez,15166,0.006874,UY,2009-10-25T00:00:00Z,0,0
URUGUAY,2004,FA,Frente Amplio,Frente Amplio,Tabaré Vázquez,Vázquez,1124761,0.516647,UY,2004-10-31T00:00:00Z,0.295066954841985,0.152445457018247
URUGUAY,2004,PN,Partido Nacional,Partido Nacional,Jorge Larrañaga,Larrañaga,764739,0.351275,UY,2004-10-31T00:00:00Z,0.445569981317752,0.156517595187393
URUGUAY,2004,PC,Partido Colorado,Partido Colorado,Guillermo Stirling,Stirling,231036,0.106124,UY,2004-10-31T00:00:00Z,0.545469646137179,0.0578874207266619
URUGUAY,2004,PI,Partido Independiente,Partido Independiente,Pablo Mieres,Mieres,41011,0.018838,UY,2004-10-31T00:00:00Z,0.488334199066955,0.00919923964202331
URUGUAY,2004,,Partido Instransigente,Partido Intransigente,Victor Lissidini,Lissidini,8572,0.003937,UY,2004-10-31T00:00:00Z,0.549187517518565,0.00216215125647059
URUGUAY,2004,PUC,Unión Cívica,Partido Union Civica,Aldo Lamorte,Lamorte,4859,0.002232,UY,2004-10-31T00:00:00Z,1,0.002232
URUGUAY,2004,PL,Partido Liberal,Partido Liberal,Julio Vera,Vera,1548,0.000711,UY,2004-10-31T00:00:00Z,0.482158822500786,0.000342814922798059
URUGUAY,2004,PT,PT,Partido de los Trabajadores,Rafael Fernandez,Fernández,513,0.000236,UY,2004-10-31T00:00:00Z,0.52731422688525,0.000124446157544919
VENEZUELA,2018,PSUV,Gran Polo Patriótico,Partido Socialista Unido de Venezuela,Nicolas Maduro,Maduro,6244016,0.679401753687682,VE,2018-05-20T00:00:00Z,0.881345323220703,0.598787558200583
VENEZUELA,2018,AP,APRA,Avanzada Progresista,Henri Falcon,Falcon,1927174,0.209692831546445,VE,2018-05-20T00:00:00Z,0.698049607071939,0.146375998666798
VENEZUELA,2018,EL CAMBIO,EL CAMBIO,Movimiento Esperanza por el Cambio,Javier Bertucci,Bertucci,983140,0.106973947555629,VE,2018-05-20T00:00:00Z,1,0.106973947555629
VENEZUELA,2018,UPP89,UPP89,Unidad Politica Popular 89,Reinaldo Quijada,Quijada,36132,0.00393146721024471,VE,2018-05-20T00:00:00Z,1,0.00393146721024471
VENEZUELA,2013,GPP-PSUV,Gran Polo Patriótico,Gran Polo Patriótico,Nicolas Maduro,Maduro,7587532,0.50618,VE,2013-04-14T00:00:00Z,0.977258999819674,0.494668960528723
VENEZUELA,2013,MUD,Unidad Democrática,Mesa de la Unidad Democratica,Henrique Capriles,Capriles,7363264,0.491219,VE,2013-04-14T00:00:00Z,0.808650494322652,0.397224487170679
VENEZUELA,2013,NUVIPA,Nueva Visión,Nueva Visión para mi País,Eusebio Méndez,Méndez,19498,0.001301,VE,2013-04-14T00:00:00Z,1,0.001301
VENEZUELA,2013,,Partido Democrático Unidos,Partido Democrático Unidos por la Paz y la Libertad,Maria Bolívar,Bolivar,13309,0.000888,VE,2013-04-14T00:00:00Z,1,0.000888
VENEZUELA,2013,,Poder Laboral,Poder Laboral,Reina Sequera,Sequera,4241,0.000283,VE,2013-04-14T00:00:00Z,0.512150009252007,0.000144938452618318
VENEZUELA,2013,,Unidad Democrática,Unidad Democrática,Julio Mora,Mora,1936,0.000129,VE,2013-04-14T00:00:00Z,0.60544766155782,7.81027483409588e-05
VENEZUELA,2012,GPP-PSUV,Gran Polo Patriótico,Gran Polo Patriotico,Hugo Chávez,Chávez,8191132,0.550748,VE,2012-10-07T00:00:00Z,0.589504765165096,0.324668570405146
VENEZUELA,2012,MUD,Unidad Democrática,Unidad Democratica,Henrique Capriles,Capriles,6591304,0.44318,VE,2012-10-07T00:00:00Z,0.688188653199188,0.304991447324816
VENEZUELA,2012,,Poder Laboral,Poder Laboral,Reina Sequera,Sequera,70567,0.004745,VE,2012-10-07T00:00:00Z,0.526967936364922,0.00250046285805155
VENEZUELA,2012,ORA,Organización Renovadora Auténtica,Organizacion Renovadora Auténtica,Luis Reyes Castillo,Reyes,8214,0.000552,VE,2012-10-07T00:00:00Z,1,0.000552
VENEZUELA,2012,,Partido Democrático Unidos,Partido Democrático Unidos por la Paz y la Libertad,María Bolívar,Bolivar,7378,0.000496,VE,2012-10-07T00:00:00Z,1,0.000496
VENEZUELA,2012,PSL,PSL,Partido Socialismo y Libertad,Orlando Chirino,Chirino,4144,0.000279,VE,2012-10-07T00:00:00Z,1,0.000279
VENEZUELA,2006,MVR,Quinta República,Movimiento V República,Hugo Chávez,Chávez,7309080,0.628458,VE,2006-12-03T00:00:00Z,1,0.628458
VENEZUELA,2006,UNT,Nuevo Tiempo,Un Nuevo Tiempo,Manuel Rosales,Rosales,4292466,0.36908,VE,2006-12-03T00:00:00Z,0.879405375554352,0.3245709360096
VENEZUELA,2006,,Joven,Joven,Luis Reyes,Reyes,4807,0.000413,VE,2006-12-03T00:00:00Z,0.481606543991518,0.000198903502668497
VENEZUELA,2006,,Nueva Orden Social,Nueva Orden Social,Venezuela da Silva,Da Silva,3980,0.000342,VE,2006-12-03T00:00:00Z,1,0.000342
VENEZUELA,2006,,Movimiento Liberal,Movimiento Liberal Pueblo Unido,Carmelo Romano,Romano,3735,0.000321,VE,2006-12-03T00:00:00Z,1,0.000321
VENEZUELA,2006,,Sentir Nacional,Movimiento Sentir Nacional,Alejandro Suarez,Suárez,2956,0.000254,VE,2006-12-03T00:00:00Z,,
VENEZUELA,2006,,Independiente,Independiente,Eudes Vera,Vera,2806,0.000241,VE,2006-12-03T00:00:00Z,1,0.000241
VENEZUELA,2006,,Independiente,Independiente,Carolina Contreras,Contreras,2196,0.000189,VE,2006-12-03T00:00:00Z,1,0.000189
VENEZUELA,2006,,Conciencia País,Movimiento Conciencia de Pais,Pedro Aranguren,Aranguren,2064,0.000177,VE,2006-12-03T00:00:00Z,1,0.000177
VENEZUELA,2006,,Tercer Milenio,Venezuela Tercer Milenio,Jose Tineo,Tineo,1502,0.000129,VE,2006-12-03T00:00:00Z,1,0.000129
VENEZUELA,2006,,Hijos de la Patria,Hijos de la Patria,Yudith Salazar,Salazar,1355,0.000117,VE,2006-12-03T00:00:00Z,0,0
VENEZUELA,2006,,Rompamos Cadenas,Rompamos Cadenas,Angel Yrigoyen,Yrigoyen,1316,0.000113,VE,2006-12-03T00:00:00Z,,
VENEZUELA,2006,,Por querer a Venezuela,Por Querer a Venezuela,Homer Rodriguez,Rodríguez,1123,9.7e-05,VE,2006-12-03T00:00:00Z,,
VENEZUELA,2006,,Fuerza y Paz,Instituto Fuerza y Paz,Isbelia Leon,Leon,793,6.8e-05,VE,2006-12-03T00:00:00Z,,
